city,date,cli_high,asos_max,delta
Miami,2025-04-27,85,85,0
Miami,2025-04-28,85,84,1
Miami,2025-05-01,84,84,0
Miami,2025-05-02,84,83,1
Miami,2025-05-03,83,82,1
Miami,2025-05-04,84,83,1
Miami,2025-05-05,87,86,1
Miami,2025-05-06,87,86,1
Miami,2025-05-07,86,85,1
Miami,2025-05-08,86,86,0
Miami,2025-05-09,86,86,0
Miami,2025-05-10,88,87,1
Miami,2025-05-11,87,85,2
Miami,2025-05-12,84,84,0
Miami,2025-05-13,88,87,1
Miami,2025-05-14,91,91,0
Miami,2025-05-15,90,88,2
Miami,2025-05-16,89,89,0
Miami,2025-05-17,91,90,1
Miami,2025-05-18,89,89,0
Miami,2025-05-19,90,89,1
Miami,2025-05-20,90,90,0
Miami,2025-05-21,94,93,1
Miami,2025-05-22,94,93,1
Miami,2025-05-23,91,90,1
Miami,2025-05-24,90,90,0
Miami,2025-05-25,90,89,1
Miami,2025-05-26,91,90,1
Miami,2025-05-27,90,90,0
Miami,2025-05-28,90,90,0
Miami,2025-05-29,90,89,1
Miami,2025-05-30,92,92,0
Miami,2025-05-31,92,92,0
Miami,2025-06-01,86,85,1
Miami,2025-06-02,92,89,3
Miami,2025-06-03,78,78,0
Miami,2025-06-04,87,87,0
Miami,2025-06-05,86,86,0
Miami,2025-06-06,89,88,1
Miami,2025-06-07,90,89,1
Miami,2025-06-08,91,89,2
Miami,2025-06-09,90,90,0
Miami,2025-06-10,91,90,1
Miami,2025-06-11,90,89,1
Miami,2025-06-12,90,89,1
Miami,2025-06-13,89,89,0
Miami,2025-06-14,89,89,0
Miami,2025-06-15,90,89,1
Miami,2025-06-16,90,89,1
Miami,2025-06-17,90,89,1
Miami,2025-06-18,90,89,1
Miami,2025-06-19,90,89,1
Miami,2025-06-20,90,89,1
Miami,2025-06-21,90,87,3
Miami,2025-06-22,89,88,1
Miami,2025-06-23,90,89,1
Miami,2025-06-24,91,90,1
Miami,2025-06-25,88,88,0
Miami,2025-06-26,86,86,0
Miami,2025-06-27,90,89,1
Miami,2025-06-28,90,89,1
Miami,2025-06-29,90,89,1
Miami,2025-06-30,91,90,1
Miami,2025-07-01,89,87,2
Miami,2025-07-02,89,87,2
Miami,2025-07-03,87,87,0
Miami,2025-07-04,86,85,1
Miami,2025-07-05,89,88,1
Miami,2025-07-06,88,88,0
Miami,2025-07-07,92,91,1
Miami,2025-07-08,92,92,0
Miami,2025-07-09,92,91,1
Miami,2025-07-10,91,90,1
Miami,2025-07-11,90,90,0
Miami,2025-07-12,92,91,1
Miami,2025-07-13,88,87,1
Miami,2025-07-14,91,90,1
Miami,2025-07-15,88,88,0
Miami,2025-07-16,90,89,1
Miami,2025-07-17,91,90,1
Miami,2025-07-18,92,91,1
Miami,2025-07-19,91,90,1
Miami,2025-07-20,92,90,2
Miami,2025-07-21,92,91,1
Miami,2025-07-22,95,92,3
Miami,2025-07-23,90,88,2
Miami,2025-07-24,91,90,1
Miami,2025-07-25,91,91,0
Miami,2025-07-26,91,90,1
Miami,2025-07-27,92,91,1
Miami,2025-07-28,93,92,1
Miami,2025-07-29,91,90,1
Miami,2025-07-30,92,92,0
Miami,2025-07-31,94,94,0
Miami,2025-08-01,93,92,1
Miami,2025-08-02,94,93,1
Miami,2025-08-03,94,93,1
Miami,2025-08-04,92,91,1
Miami,2025-08-05,93,93,0
Miami,2025-08-06,93,93,0
Miami,2025-08-07,89,88,1
Miami,2025-08-08,88,88,0
Miami,2025-08-09,83,83,0
Miami,2025-08-10,89,88,1
Miami,2025-08-11,91,90,1
Miami,2025-08-12,91,90,1
Miami,2025-08-13,91,91,0
Miami,2025-08-14,91,90,1
Miami,2025-08-15,93,93,0
Miami,2025-08-16,93,92,1
Miami,2025-08-17,92,92,0
Miami,2025-08-18,94,93,1
Miami,2025-08-19,95,94,1
Miami,2025-08-20,97,95,2
Miami,2025-08-21,92,92,0
Miami,2025-08-22,95,95,0
Miami,2025-08-23,90,90,0
Miami,2025-08-24,93,92,1
Miami,2025-08-25,93,93,0
Miami,2025-08-26,94,93,1
Miami,2025-08-27,95,93,2
Miami,2025-08-28,92,91,1
Miami,2025-08-29,93,92,1
Miami,2025-08-30,93,91,2
Miami,2025-08-31,94,93,1
Miami,2025-09-01,93,92,1
Miami,2025-09-02,94,93,1
Miami,2025-09-03,90,89,1
Miami,2025-09-04,88,88,0
Miami,2025-09-05,91,90,1
Miami,2025-09-06,86,85,1
Miami,2025-09-07,91,90,1
Miami,2025-09-08,92,91,1
Miami,2025-09-09,89,88,1
Miami,2025-09-10,92,90,2
Miami,2025-09-11,94,92,2
Miami,2025-09-12,90,89,1
Miami,2025-09-13,91,89,2
Miami,2025-09-14,91,90,1
Miami,2025-09-15,89,89,0
Miami,2025-09-16,92,91,1
Miami,2025-09-17,85,84,1
Miami,2025-09-18,87,86,1
Miami,2025-09-19,92,91,1
Miami,2025-09-20,89,88,1
Miami,2025-09-21,86,85,1
Miami,2025-09-22,90,90,0
Miami,2025-09-23,88,88,0
Miami,2025-09-24,88,87,1
Miami,2025-09-25,92,90,2
Miami,2025-09-26,90,90,0
Miami,2025-09-27,91,90,1
Miami,2025-09-28,88,88,0
Miami,2025-09-29,90,90,0
Miami,2025-09-30,91,91,0
Miami,2025-10-01,92,91,1
Miami,2025-10-02,89,88,1
Miami,2025-10-03,88,87,1
Miami,2025-10-04,88,88,0
Miami,2025-10-05,88,87,1
Miami,2025-10-06,89,88,1
Miami,2025-10-07,89,88,1
Miami,2025-10-08,89,87,2
Miami,2025-10-09,89,87,2
Miami,2025-10-10,80,80,0
Miami,2025-10-11,86,85,1
Miami,2025-10-12,88,85,3
Miami,2025-10-13,88,87,1
Miami,2025-10-14,86,85,1
Miami,2025-10-15,86,86,0
Miami,2025-10-16,86,86,0
Miami,2025-10-17,85,83,2
Miami,2025-10-18,85,84,1
Miami,2025-10-19,86,85,1
Miami,2025-10-20,88,88,0
Miami,2025-10-21,87,87,0
Miami,2025-10-22,88,88,0
Miami,2025-10-23,88,87,1
Miami,2025-10-24,87,86,1
Miami,2025-10-25,85,84,1
Miami,2025-10-26,87,85,2
Miami,2025-10-27,87,87,0
Miami,2025-10-28,89,88,1
Miami,2025-10-29,87,86,1
Miami,2025-10-30,79,79,0
Miami,2025-10-31,76,76,0
Miami,2025-11-01,82,81,1
Miami,2025-11-02,84,83,1
Miami,2025-11-03,87,85,2
Miami,2025-11-04,81,80,1
Miami,2025-11-05,83,82,1
Miami,2025-11-06,84,83,1
Miami,2025-11-07,87,87,0
Miami,2025-11-08,87,86,1
Miami,2025-11-09,87,85,2
Miami,2025-11-10,85,83,2
Miami,2025-11-11,68,68,0
Miami,2025-11-12,76,74,2
Miami,2025-11-13,78,78,0
Miami,2025-11-14,81,81,0
Miami,2025-11-15,81,80,1
Miami,2025-11-16,82,82,0
Miami,2025-11-17,82,80,2
Miami,2025-11-18,83,82,1
Miami,2025-11-19,84,83,1
Miami,2025-11-20,84,84,0
Miami,2025-11-21,83,83,0
Miami,2025-11-22,83,82,1
Miami,2025-11-23,85,85,0
Miami,2025-11-24,84,83,1
Miami,2025-11-25,83,82,1
Miami,2025-11-26,85,84,1
Miami,2025-11-27,85,84,1
Miami,2025-11-28,75,75,0
Miami,2025-11-29,78,78,0
Miami,2025-11-30,81,80,1
Miami,2025-12-01,84,84,0
Miami,2025-12-02,86,85,1
Miami,2025-12-03,82,82,0
Miami,2025-12-04,83,82,1
Miami,2025-12-05,83,83,0
Miami,2025-12-06,84,83,1
Miami,2025-12-07,85,84,1
Miami,2025-12-08,87,86,1
Miami,2025-12-09,74,74,0
Miami,2025-12-10,83,83,0
Miami,2025-12-11,75,74,1
Miami,2025-12-12,78,77,1
Miami,2025-12-13,80,79,1
Miami,2025-12-14,82,82,0
Miami,2025-12-15,74,74,0
Miami,2025-12-16,77,76,1
Miami,2025-12-17,80,80,0
Miami,2025-12-18,82,81,1
Miami,2025-12-19,86,86,0
Miami,2025-12-20,84,81,3
Miami,2025-12-21,83,82,1
Miami,2025-12-22,81,79,2
Miami,2025-12-23,81,81,0
Miami,2025-12-24,79,79,0
Miami,2025-12-25,81,81,0
Miami,2025-12-26,81,81,0
Miami,2025-12-27,81,81,0
Miami,2025-12-28,82,80,2
Miami,2025-12-29,82,82,0
Miami,2025-12-30,68,68,0
Miami,2025-12-31,64,63,1
Miami,2026-01-01,68,68,0
Miami,2026-01-02,72,71,1
Miami,2026-01-03,78,77,1
Miami,2026-01-04,80,80,0
Miami,2026-01-05,80,80,0
Miami,2026-01-06,81,80,1
Miami,2026-01-07,82,81,1
Miami,2026-01-08,83,82,1
Miami,2026-01-09,81,81,0
Miami,2026-01-10,82,81,1
Miami,2026-01-11,84,84,0
Miami,2026-01-12,77,76,1
Miami,2026-01-13,73,73,0
Miami,2026-01-14,79,79,0
Miami,2026-01-15,72,72,0
Miami,2026-01-16,69,68,1
Miami,2026-01-17,78,77,1
Miami,2026-01-18,82,81,1
Miami,2026-01-19,68,67,1
Miami,2026-01-20,74,74,0
Miami,2026-01-21,71,71,0
Miami,2026-01-22,76,76,0
Miami,2026-01-23,82,82,0
Miami,2026-01-24,83,82,1
Miami,2026-01-25,82,82,0
Miami,2026-01-26,88,86,2
Miami,2026-01-27,67,66,1
Miami,2026-01-28,64,63,1
Miami,2026-01-29,72,72,0
Miami,2026-01-30,69,68,1
Miami,2026-01-31,67,65,2
Miami,2026-02-01,52,51,1
Miami,2026-02-02,58,57,1
Miami,2026-02-03,69,69,0
Miami,2026-02-04,75,73,2
Miami,2026-02-05,74,74,0
Miami,2026-02-06,66,66,0
Miami,2026-02-07,79,79,0
Miami,2026-02-08,74,73,1
Miami,2026-02-09,75,74,1
Miami,2026-02-10,76,76,0
Miami,2026-02-11,78,77,1
Miami,2026-02-12,81,81,0
Miami,2026-02-13,81,81,0
Miami,2026-02-14,79,78,1
Miami,2026-02-15,81,80,1
Miami,2026-02-16,86,85,1
Miami,2026-02-17,80,80,0
Miami,2026-02-18,80,79,1
Miami,2026-02-19,82,81,1
Miami,2026-02-20,83,83,0
Miami,2026-02-21,84,83,1
Miami,2026-02-22,88,88,0
Miami,2026-02-23,64,64,0
Miami,2026-02-24,67,65,2
Miami,2026-02-25,72,72,0
Miami,2026-02-26,79,78,1
Miami,2026-02-27,83,82,1
Miami,2026-02-28,87,84,3
Miami,2026-03-01,84,83,1
Miami,2026-03-02,82,81,1
Miami,2026-03-03,83,83,0
Miami,2026-03-04,81,81,0
Miami,2026-03-05,84,82,2
Miami,2026-03-06,84,84,0
Miami,2026-03-07,83,82,1
Miami,2026-03-08,84,84,0
Miami,2026-03-09,85,84,1
Miami,2026-03-10,85,84,1
Miami,2026-03-11,84,84,0
Miami,2026-03-12,87,85,2
Miami,2026-03-13,81,79,2
Miami,2026-03-14,85,85,0
Miami,2026-03-15,81,81,0
Miami,2026-03-16,87,87,0
Miami,2026-03-17,71,71,0
Miami,2026-03-18,69,69,0
Miami,2026-03-19,78,77,1
Miami,2026-03-20,78,76,2
Miami,2026-03-21,81,79,2
Miami,2026-03-22,81,80,1
Miami,2026-03-23,82,81,1
Miami,2026-03-24,85,85,0
Miami,2026-03-25,82,81,1
Miami,2026-03-26,83,83,0
Miami,2026-03-27,84,82,2
Miami,2026-03-28,85,84,1
Miami,2026-03-29,80,78,2
Miami,2026-03-30,79,78,1
Miami,2026-03-31,82,81,1
Miami,2026-04-01,80,79,1
Miami,2026-04-02,83,82,1
Miami,2026-04-03,84,83,1
Miami,2026-04-04,83,82,1
Miami,2026-04-05,84,82,2
Miami,2026-04-06,84,84,0
Miami,2026-04-07,84,82,2
Miami,2026-04-08,83,81,2
Miami,2026-04-09,79,79,0
Miami,2026-04-10,82,80,2
Miami,2026-04-11,81,80,1
Miami,2026-04-12,81,80,1
Miami,2026-04-13,82,81,1
Miami,2026-04-14,83,81,2
Miami,2026-04-15,81,80,1
Miami,2026-04-16,82,81,1
Miami,2026-04-17,85,84,1
Miami,2026-04-18,86,85,1
Miami,2026-04-19,88,88,0
Miami,2026-04-20,86,86,0
Miami,2026-04-21,80,80,0
Miami,2026-04-22,81,79,2
Miami,2026-04-23,79,78,1
Miami,2026-04-24,84,82,2
Miami,2026-04-25,85,84,1
Miami,2026-04-26,88,87,1
LA,2025-04-27,63,63,0
LA,2025-04-28,64,64,0
LA,2025-04-29,66,65,1
LA,2025-04-30,65,64,1
LA,2025-05-01,66,65,1
LA,2025-05-02,65,64,1
LA,2025-05-03,63,62,1
LA,2025-05-04,63,63,0
LA,2025-05-05,65,64,1
LA,2025-05-06,63,63,0
LA,2025-05-07,68,68,0
LA,2025-05-08,69,68,1
LA,2025-05-09,71,70,1
LA,2025-05-10,81,79,2
LA,2025-05-11,78,77,1
LA,2025-05-12,71,70,1
LA,2025-05-13,68,67,1
LA,2025-05-14,69,69,0
LA,2025-05-15,68,67,1
LA,2025-05-16,67,66,1
LA,2025-05-17,63,62,1
LA,2025-05-18,68,68,0
LA,2025-05-19,71,70,1
LA,2025-05-20,75,74,1
LA,2025-05-21,74,74,0
LA,2025-05-22,71,70,1
LA,2025-05-23,71,70,1
LA,2025-05-24,69,68,1
LA,2025-05-25,69,68,1
LA,2025-05-26,69,68,1
LA,2025-05-27,72,70,2
LA,2025-05-28,67,67,0
LA,2025-05-29,69,69,0
LA,2025-05-30,76,76,0
LA,2025-05-31,75,73,2
LA,2025-06-01,76,74,2
LA,2025-06-02,70,69,1
LA,2025-06-03,66,66,0
LA,2025-06-04,69,68,1
LA,2025-06-05,70,69,1
LA,2025-06-06,68,68,0
LA,2025-06-07,68,68,0
LA,2025-06-08,69,67,2
LA,2025-06-09,69,69,0
LA,2025-06-12,71,71,0
LA,2025-06-13,72,71,1
LA,2025-06-14,73,71,2
LA,2025-06-15,75,74,1
LA,2025-06-16,75,75,0
LA,2025-06-17,78,77,1
LA,2025-06-18,76,75,1
LA,2025-06-19,73,71,2
LA,2025-06-20,72,72,0
LA,2025-06-21,71,70,1
LA,2025-06-22,74,73,1
LA,2025-06-23,74,73,1
LA,2025-06-24,69,68,1
LA,2025-06-25,72,70,2
LA,2025-06-26,72,72,0
LA,2025-06-27,73,73,0
LA,2025-06-28,74,73,1
LA,2025-06-29,71,71,0
LA,2025-06-30,72,72,0
LA,2025-07-01,70,69,1
LA,2025-07-02,70,69,1
LA,2025-07-03,73,72,1
LA,2025-07-04,74,73,1
LA,2025-07-05,73,73,0
LA,2025-07-06,71,71,0
LA,2025-07-07,72,71,1
LA,2025-07-08,73,72,1
LA,2025-07-09,75,73,2
LA,2025-07-10,75,73,2
LA,2025-07-11,75,73,2
LA,2025-07-12,75,74,1
LA,2025-07-13,71,70,1
LA,2025-07-14,70,70,0
LA,2025-07-15,74,74,0
LA,2025-07-16,74,74,0
LA,2025-07-17,73,73,0
LA,2025-07-18,73,72,1
LA,2025-07-19,75,74,1
LA,2025-07-20,73,72,1
LA,2025-07-21,72,72,0
LA,2025-07-22,73,72,1
LA,2025-07-23,73,72,1
LA,2025-07-24,72,72,0
LA,2025-07-25,72,72,0
LA,2025-07-26,73,72,1
LA,2025-07-27,72,71,1
LA,2025-07-28,73,72,1
LA,2025-07-29,74,73,1
LA,2025-07-30,74,74,0
LA,2025-07-31,73,72,1
LA,2025-08-01,74,73,1
LA,2025-08-02,72,72,0
LA,2025-08-03,74,73,1
LA,2025-08-04,75,74,1
LA,2025-08-05,76,75,1
LA,2025-08-06,78,77,1
LA,2025-08-07,78,76,2
LA,2025-08-08,76,75,1
LA,2025-08-09,74,72,2
LA,2025-08-10,75,73,2
LA,2025-08-11,75,74,1
LA,2025-08-12,76,75,1
LA,2025-08-13,75,75,0
LA,2025-08-14,73,72,1
LA,2025-08-15,76,76,0
LA,2025-08-16,74,74,0
LA,2025-08-17,76,76,0
LA,2025-08-18,76,75,1
LA,2025-08-19,77,76,1
LA,2025-08-20,80,79,1
LA,2025-08-21,85,84,1
LA,2025-08-22,84,83,1
LA,2025-08-23,89,86,3
LA,2025-08-24,78,77,1
LA,2025-08-25,77,76,1
LA,2025-08-26,76,75,1
LA,2025-08-27,81,80,1
LA,2025-08-28,84,82,2
LA,2025-08-29,84,83,1
LA,2025-08-30,83,82,1
LA,2025-08-31,78,78,0
LA,2025-09-01,80,79,1
LA,2025-09-02,80,79,1
LA,2025-09-03,80,80,0
LA,2025-09-04,76,76,0
LA,2025-09-05,76,75,1
LA,2025-09-06,79,79,0
LA,2025-09-07,81,80,1
LA,2025-09-08,76,76,0
LA,2025-09-09,76,75,1
LA,2025-09-10,77,76,1
LA,2025-09-11,75,74,1
LA,2025-09-12,77,77,0
LA,2025-09-13,75,75,0
LA,2025-09-14,75,74,1
LA,2025-09-15,76,75,1
LA,2025-09-16,80,77,3
LA,2025-09-17,80,78,2
LA,2025-09-18,78,77,1
LA,2025-09-19,79,78,1
LA,2025-09-20,76,75,1
LA,2025-09-21,77,77,0
LA,2025-09-22,76,76,0
LA,2025-09-23,81,78,3
LA,2025-09-24,78,76,2
LA,2025-09-25,71,70,1
LA,2025-09-26,72,72,0
LA,2025-09-27,74,73,1
LA,2025-09-28,75,75,0
LA,2025-09-29,75,74,1
LA,2025-09-30,74,74,0
LA,2025-10-01,74,74,0
LA,2025-10-02,76,74,2
LA,2025-10-03,73,72,1
LA,2025-10-04,74,74,0
LA,2025-10-05,75,75,0
LA,2025-10-06,72,72,0
LA,2025-10-07,70,70,0
LA,2025-10-08,71,70,1
LA,2025-10-09,73,72,1
LA,2025-10-10,76,75,1
LA,2025-10-11,74,74,0
LA,2025-10-12,73,72,1
LA,2025-10-13,72,72,0
LA,2025-10-14,64,63,1
LA,2025-10-15,67,67,0
LA,2025-10-16,73,72,1
LA,2025-10-17,76,74,2
LA,2025-10-18,82,81,1
LA,2025-10-19,78,76,2
LA,2025-10-20,78,78,0
LA,2025-10-21,76,75,1
LA,2025-10-22,70,70,0
LA,2025-10-23,71,70,1
LA,2025-10-24,73,71,2
LA,2025-10-25,68,68,0
LA,2025-10-26,67,67,0
LA,2025-10-27,71,70,1
LA,2025-10-28,81,80,1
LA,2025-10-29,91,90,1
LA,2025-10-30,84,83,1
LA,2025-10-31,71,70,1
LA,2025-11-01,67,67,0
LA,2025-11-02,67,66,1
LA,2025-11-03,69,68,1
LA,2025-11-04,69,67,2
LA,2025-11-05,69,68,1
LA,2025-11-06,69,69,0
LA,2025-11-07,70,69,1
LA,2025-11-08,73,72,1
LA,2025-11-09,68,67,1
LA,2025-11-10,70,69,1
LA,2025-11-11,66,64,2
LA,2025-11-12,68,67,1
LA,2025-11-13,72,71,1
LA,2025-11-14,65,65,0
LA,2025-11-15,64,64,0
LA,2025-11-16,65,64,1
LA,2025-11-17,65,65,0
LA,2025-11-18,60,60,0
LA,2025-11-19,62,62,0
LA,2025-11-20,62,61,1
LA,2025-11-21,66,66,0
LA,2025-11-22,70,69,1
LA,2025-11-23,70,69,1
LA,2025-11-24,67,66,1
LA,2025-11-25,73,72,1
LA,2025-11-26,82,81,1
LA,2025-11-27,80,80,0
LA,2025-11-28,72,71,1
LA,2025-11-29,67,66,1
LA,2025-11-30,64,63,1
LA,2025-12-01,68,67,1
LA,2025-12-02,66,65,1
LA,2025-12-03,67,67,0
LA,2025-12-04,70,70,0
LA,2025-12-05,69,69,0
LA,2025-12-06,69,69,0
LA,2025-12-07,70,70,0
LA,2025-12-08,77,76,1
LA,2025-12-09,81,80,1
LA,2025-12-10,79,79,0
LA,2025-12-11,72,72,0
LA,2025-12-12,68,67,1
LA,2025-12-13,61,61,0
LA,2025-12-14,63,62,1
LA,2025-12-15,66,66,0
LA,2025-12-16,62,62,0
LA,2025-12-17,74,72,2
LA,2025-12-18,71,70,1
LA,2025-12-19,71,69,2
LA,2025-12-20,65,65,0
LA,2025-12-21,64,64,0
LA,2025-12-22,64,64,0
LA,2025-12-23,64,63,1
LA,2025-12-24,64,64,0
LA,2025-12-25,67,66,1
LA,2025-12-26,62,61,1
LA,2025-12-27,61,61,0
LA,2025-12-28,67,67,0
LA,2025-12-29,75,73,2
LA,2025-12-30,73,72,1
LA,2025-12-31,68,68,0
LA,2026-01-01,64,64,0
LA,2026-01-02,64,64,0
LA,2026-01-03,63,63,0
LA,2026-01-04,63,62,1
LA,2026-01-05,64,64,0
LA,2026-01-06,65,65,0
LA,2026-01-07,64,64,0
LA,2026-01-08,62,62,0
LA,2026-01-09,63,62,1
LA,2026-01-10,70,70,0
LA,2026-01-11,75,74,1
LA,2026-01-12,72,72,0
LA,2026-01-13,79,79,0
LA,2026-01-14,80,79,1
LA,2026-01-15,83,82,1
LA,2026-01-16,78,77,1
LA,2026-01-17,76,76,0
LA,2026-01-18,78,76,2
LA,2026-01-19,75,74,1
LA,2026-01-20,71,69,2
LA,2026-01-21,62,62,0
LA,2026-01-22,63,62,1
LA,2026-01-23,64,64,0
LA,2026-01-24,63,63,0
LA,2026-01-25,69,68,1
LA,2026-01-26,73,72,1
LA,2026-01-27,72,71,1
LA,2026-01-28,69,68,1
LA,2026-01-29,80,80,0
LA,2026-01-30,83,82,1
LA,2026-01-31,85,84,1
LA,2026-02-01,79,78,1
LA,2026-02-02,74,73,1
LA,2026-02-03,75,74,1
LA,2026-02-04,87,87,0
LA,2026-02-05,83,83,0
LA,2026-02-06,68,68,0
LA,2026-02-07,71,68,3
LA,2026-02-08,82,80,2
LA,2026-02-09,77,77,0
LA,2026-02-10,65,65,0
LA,2026-02-11,64,63,1
LA,2026-02-12,64,64,0
LA,2026-02-13,68,67,1
LA,2026-02-14,68,66,2
LA,2026-02-15,63,62,1
LA,2026-02-16,58,57,1
LA,2026-02-17,60,60,0
LA,2026-02-18,58,58,0
LA,2026-02-19,58,57,1
LA,2026-02-20,58,58,0
LA,2026-02-21,69,69,0
LA,2026-02-22,69,68,1
LA,2026-02-23,74,72,2
LA,2026-02-24,76,75,1
LA,2026-02-25,70,69,1
LA,2026-02-26,73,73,0
LA,2026-02-27,86,83,3
LA,2026-02-28,79,79,0
LA,2026-03-01,78,77,1
LA,2026-03-02,65,65,0
LA,2026-03-03,67,66,1
LA,2026-03-04,65,65,0
LA,2026-03-05,76,75,1
LA,2026-03-06,73,73,0
LA,2026-03-07,78,78,0
LA,2026-03-08,88,88,0
LA,2026-03-09,70,69,1
LA,2026-03-10,67,66,1
LA,2026-03-11,67,67,0
LA,2026-03-12,84,82,2
LA,2026-03-13,88,86,2
LA,2026-03-14,79,78,1
LA,2026-03-15,69,67,2
LA,2026-03-16,71,69,2
LA,2026-03-17,92,90,2
LA,2026-03-18,82,81,1
LA,2026-03-19,83,81,2
LA,2026-03-20,85,82,3
LA,2026-03-21,74,74,0
LA,2026-03-22,70,68,2
LA,2026-03-23,71,71,0
LA,2026-03-24,70,69,1
LA,2026-03-25,68,68,0
LA,2026-03-26,73,71,2
LA,2026-03-27,71,70,1
LA,2026-03-28,68,66,2
LA,2026-03-29,73,72,1
LA,2026-03-30,70,69,1
LA,2026-03-31,69,69,0
LA,2026-04-01,68,67,1
LA,2026-04-02,68,68,0
LA,2026-04-03,78,78,0
LA,2026-04-04,87,85,2
LA,2026-04-05,78,75,3
LA,2026-04-06,78,77,1
LA,2026-04-07,70,69,1
LA,2026-04-08,71,70,1
LA,2026-04-09,72,71,1
LA,2026-04-10,67,67,0
LA,2026-04-11,69,68,1
LA,2026-04-12,69,68,1
LA,2026-04-13,66,66,0
LA,2026-04-14,69,68,1
LA,2026-04-15,70,69,1
LA,2026-04-16,70,69,1
LA,2026-04-17,73,72,1
LA,2026-04-18,76,76,0
LA,2026-04-19,72,71,1
LA,2026-04-20,70,70,0
LA,2026-04-21,70,70,0
LA,2026-04-22,67,66,1
LA,2026-04-23,72,71,1
LA,2026-04-24,74,73,1
LA,2026-04-25,66,65,1
LA,2026-04-26,66,66,0
Austin,2025-04-27,85,84,1
Austin,2025-04-28,86,86,0
Austin,2025-04-29,87,87,0
Austin,2025-04-30,88,87,1
Austin,2025-05-01,92,91,1
Austin,2025-05-02,88,87,1
Austin,2025-05-03,81,80,1
Austin,2025-05-04,85,83,2
Austin,2025-05-05,76,74,2
Austin,2025-05-06,89,89,0
Austin,2025-05-07,82,81,1
Austin,2025-05-08,85,84,1
Austin,2025-05-09,83,81,2
Austin,2025-05-10,81,81,0
Austin,2025-05-11,84,83,1
Austin,2025-05-12,93,91,2
Austin,2025-05-13,100,100,0
Austin,2025-05-14,100,99,1
Austin,2025-05-15,99,97,2
Austin,2025-05-16,97,96,1
Austin,2025-05-17,97,96,1
Austin,2025-05-18,92,91,1
Austin,2025-05-19,88,87,1
Austin,2025-05-20,97,95,2
Austin,2025-05-21,94,94,0
Austin,2025-05-22,98,98,0
Austin,2025-05-23,96,95,1
Austin,2025-05-24,98,97,1
Austin,2025-05-25,97,96,1
Austin,2025-05-26,90,89,1
Austin,2025-05-27,92,91,1
Austin,2025-05-28,88,87,1
Austin,2025-05-29,91,90,1
Austin,2025-05-30,84,84,0
Austin,2025-05-31,87,87,0
Austin,2025-06-01,95,95,0
Austin,2025-06-02,93,93,0
Austin,2025-06-03,93,93,0
Austin,2025-06-04,92,91,1
Austin,2025-06-05,95,93,2
Austin,2025-06-06,96,95,1
Austin,2025-06-07,96,95,1
Austin,2025-06-08,96,96,0
Austin,2025-06-11,89,89,0
Austin,2025-06-09,99,98,1
Austin,2025-06-10,92,92,0
Austin,2025-06-12,80,80,0
Austin,2025-06-13,95,95,0
Austin,2025-06-14,95,93,2
Austin,2025-06-15,97,96,1
Austin,2025-06-16,93,92,1
Austin,2025-06-17,94,93,1
Austin,2025-06-18,94,93,1
Austin,2025-06-19,96,95,1
Austin,2025-06-20,95,95,0
Austin,2025-06-21,95,94,1
Austin,2025-06-22,96,95,1
Austin,2025-06-23,97,96,1
Austin,2025-06-24,95,94,1
Austin,2025-06-25,94,93,1
Austin,2025-06-26,94,93,1
Austin,2025-06-27,95,95,0
Austin,2025-06-28,95,94,1
Austin,2025-06-29,96,96,0
Austin,2025-06-30,95,94,1
Austin,2025-07-01,93,92,1
Austin,2025-07-02,94,93,1
Austin,2025-07-03,87,85,2
Austin,2025-07-04,84,84,0
Austin,2025-07-05,79,78,1
Austin,2025-07-06,91,90,1
Austin,2025-07-07,91,91,0
Austin,2025-07-08,94,93,1
Austin,2025-07-09,91,88,3
Austin,2025-07-10,93,92,1
Austin,2025-07-11,93,91,2
Austin,2025-07-12,93,93,0
Austin,2025-07-13,86,86,0
Austin,2025-07-14,93,93,0
Austin,2025-07-15,93,93,0
Austin,2025-07-16,95,94,1
Austin,2025-07-17,95,95,0
Austin,2025-07-18,95,94,1
Austin,2025-07-19,94,93,1
Austin,2025-07-20,92,91,1
Austin,2025-07-21,93,93,0
Austin,2025-07-22,97,96,1
Austin,2025-07-23,98,98,0
Austin,2025-07-24,99,99,0
Austin,2025-07-25,89,88,1
Austin,2025-07-26,94,94,0
Austin,2025-07-27,97,96,1
Austin,2025-07-28,97,96,1
Austin,2025-07-29,100,99,1
Austin,2025-07-30,100,100,0
Austin,2025-07-31,101,101,0
Austin,2025-08-01,102,101,1
Austin,2025-08-02,100,98,2
Austin,2025-08-03,99,98,1
Austin,2025-08-04,92,91,1
Austin,2025-08-05,96,95,1
Austin,2025-08-06,100,99,1
Austin,2025-08-07,100,99,1
Austin,2025-08-08,101,100,1
Austin,2025-08-09,99,99,0
Austin,2025-08-10,98,98,0
Austin,2025-08-11,99,98,1
Austin,2025-08-12,99,96,3
Austin,2025-08-13,96,95,1
Austin,2025-08-14,100,99,1
Austin,2025-08-15,97,96,1
Austin,2025-08-16,100,99,1
Austin,2025-08-17,100,99,1
Austin,2025-08-18,101,101,0
Austin,2025-08-19,94,93,1
Austin,2025-08-20,100,97,3
Austin,2025-08-21,96,93,3
Austin,2025-08-22,95,94,1
Austin,2025-08-23,96,94,2
Austin,2025-08-24,99,98,1
Austin,2025-08-25,98,97,1
Austin,2025-08-26,98,98,0
Austin,2025-08-27,96,95,1
Austin,2025-08-28,100,99,1
Austin,2025-08-29,99,98,1
Austin,2025-08-30,101,99,2
Austin,2025-08-31,89,88,1
Austin,2025-09-01,95,94,1
Austin,2025-09-02,98,97,1
Austin,2025-09-03,99,98,1
Austin,2025-09-04,103,102,1
Austin,2025-09-05,100,99,1
Austin,2025-09-06,89,89,0
Austin,2025-09-07,76,76,0
Austin,2025-09-08,90,90,0
Austin,2025-09-09,93,92,1
Austin,2025-09-10,97,96,1
Austin,2025-09-11,97,96,1
Austin,2025-09-12,97,95,2
Austin,2025-09-13,96,95,1
Austin,2025-09-14,96,95,1
Austin,2025-09-15,96,96,0
Austin,2025-09-16,96,95,1
Austin,2025-09-17,97,95,2
Austin,2025-09-18,95,94,1
Austin,2025-09-19,96,95,1
Austin,2025-09-20,95,94,1
Austin,2025-09-21,98,98,0
Austin,2025-09-22,99,98,1
Austin,2025-09-23,100,100,0
Austin,2025-09-24,92,92,0
Austin,2025-09-25,92,91,1
Austin,2025-09-26,93,91,2
Austin,2025-09-27,93,92,1
Austin,2025-09-28,92,91,1
Austin,2025-09-29,90,88,2
Austin,2025-09-30,95,94,1
Austin,2025-10-01,96,95,1
Austin,2025-10-02,96,95,1
Austin,2025-10-03,95,94,1
Austin,2025-10-04,93,91,2
Austin,2025-10-05,94,92,2
Austin,2025-10-06,95,93,2
Austin,2025-10-07,94,92,2
Austin,2025-10-08,95,95,0
Austin,2025-10-09,93,92,1
Austin,2025-10-10,92,91,1
Austin,2025-10-11,93,92,1
Austin,2025-10-12,92,92,0
Austin,2025-10-13,91,90,1
Austin,2025-10-14,91,90,1
Austin,2025-10-15,93,92,1
Austin,2025-10-16,88,87,1
Austin,2025-10-17,93,93,0
Austin,2025-10-18,95,94,1
Austin,2025-10-19,86,85,1
Austin,2025-10-20,94,94,0
Austin,2025-10-21,89,89,0
Austin,2025-10-22,88,87,1
Austin,2025-10-23,92,91,1
Austin,2025-10-24,90,90,0
Austin,2025-10-25,77,77,0
Austin,2025-10-26,82,82,0
Austin,2025-10-27,90,89,1
Austin,2025-10-28,89,88,1
Austin,2025-10-29,69,68,1
Austin,2025-10-30,72,72,0
Austin,2025-10-31,76,75,1
Austin,2025-11-01,72,71,1
Austin,2025-11-02,74,74,0
Austin,2025-11-03,79,78,1
Austin,2025-11-04,81,80,1
Austin,2025-11-05,84,83,1
Austin,2025-11-06,84,84,0
Austin,2025-11-07,91,90,1
Austin,2025-11-08,86,85,1
Austin,2025-11-09,71,71,0
Austin,2025-11-10,60,60,0
Austin,2025-11-11,75,74,1
Austin,2025-11-12,83,82,1
Austin,2025-11-13,86,85,1
Austin,2025-11-14,85,85,0
Austin,2025-11-15,85,84,1
Austin,2025-11-16,87,86,1
Austin,2025-11-17,88,88,0
Austin,2025-11-18,86,85,1
Austin,2025-11-19,87,86,1
Austin,2025-11-20,85,83,2
Austin,2025-11-21,77,77,0
Austin,2025-11-22,76,76,0
Austin,2025-11-23,70,70,0
Austin,2025-11-24,78,77,1
Austin,2025-11-25,81,81,0
Austin,2025-11-26,66,66,0
Austin,2025-11-27,65,64,1
Austin,2025-11-28,69,68,1
Austin,2025-11-29,81,81,0
Austin,2025-11-30,60,57,3
Austin,2025-12-01,45,44,1
Austin,2025-12-02,55,54,1
Austin,2025-12-03,56,56,0
Austin,2025-12-04,55,54,1
Austin,2025-12-05,52,52,0
Austin,2025-12-06,78,77,1
Austin,2025-12-07,73,73,0
Austin,2025-12-08,60,60,0
Austin,2025-12-09,69,69,0
Austin,2025-12-10,73,72,1
Austin,2025-12-11,71,70,1
Austin,2025-12-12,77,76,1
Austin,2025-12-13,79,77,2
Austin,2025-12-14,65,65,0
Austin,2025-12-15,55,55,0
Austin,2025-12-16,63,63,0
Austin,2025-12-17,66,66,0
Austin,2025-12-18,77,76,1
Austin,2025-12-19,69,69,0
Austin,2025-12-20,74,74,0
Austin,2025-12-21,72,71,1
Austin,2025-12-22,77,77,0
Austin,2025-12-23,81,79,2
Austin,2025-12-24,81,80,1
Austin,2025-12-25,78,77,1
Austin,2025-12-26,84,84,0
Austin,2025-12-27,82,81,1
Austin,2025-12-28,79,78,1
Austin,2025-12-29,53,53,0
Austin,2025-12-30,58,58,0
Austin,2025-12-31,71,71,0
Austin,2026-01-01,74,73,1
Austin,2026-01-02,89,89,0
Austin,2026-01-03,76,76,0
Austin,2026-01-04,72,71,1
Austin,2026-01-05,77,76,1
Austin,2026-01-06,84,83,1
Austin,2026-01-07,80,80,0
Austin,2026-01-08,80,79,1
Austin,2026-01-09,72,72,0
Austin,2026-01-10,60,60,0
Austin,2026-01-11,63,63,0
Austin,2026-01-12,65,63,2
Austin,2026-01-13,61,60,1
Austin,2026-01-14,69,69,0
Austin,2026-01-15,67,66,1
Austin,2026-01-16,76,76,0
Austin,2026-01-17,56,55,1
Austin,2026-01-18,64,64,0
Austin,2026-01-19,68,68,0
Austin,2026-01-20,60,60,0
Austin,2026-01-21,76,75,1
Austin,2026-01-22,70,69,1
Austin,2026-01-23,68,67,1
Austin,2026-01-24,45,45,0
Austin,2026-01-25,29,29,0
Austin,2026-01-26,37,37,0
Austin,2026-01-27,50,50,0
Austin,2026-01-28,58,57,1
Austin,2026-01-29,73,72,1
Austin,2026-01-30,55,55,0
Austin,2026-01-31,45,44,1
Austin,2026-02-01,57,57,0
Austin,2026-02-02,69,68,1
Austin,2026-02-03,72,72,0
Austin,2026-02-04,65,64,1
Austin,2026-02-05,70,69,1
Austin,2026-02-06,83,82,1
Austin,2026-02-07,84,84,0
Austin,2026-02-08,80,80,0
Austin,2026-02-09,85,85,0
Austin,2026-02-10,69,69,0
Austin,2026-02-11,76,75,1
Austin,2026-02-12,81,81,0
Austin,2026-02-13,82,81,1
Austin,2026-02-14,75,74,1
Austin,2026-02-15,74,74,0
Austin,2026-02-16,78,77,1
Austin,2026-02-17,84,84,0
Austin,2026-02-18,77,77,0
Austin,2026-02-19,85,85,0
Austin,2026-02-20,68,67,1
Austin,2026-02-21,74,72,2
Austin,2026-02-22,63,62,1
Austin,2026-02-23,67,66,1
Austin,2026-02-24,75,75,0
Austin,2026-02-25,88,87,1
Austin,2026-02-26,85,85,0
Austin,2026-02-27,87,87,0
Austin,2026-02-28,87,87,0
Austin,2026-03-01,86,85,1
Austin,2026-03-02,86,85,1
Austin,2026-03-03,89,88,1
Austin,2026-03-04,88,87,1
Austin,2026-03-05,88,87,1
Austin,2026-03-06,86,84,2
Austin,2026-03-07,77,77,0
Austin,2026-03-08,67,67,0
Austin,2026-03-09,80,78,2
Austin,2026-03-10,85,84,1
Austin,2026-03-11,84,81,3
Austin,2026-03-12,66,66,0
Austin,2026-03-13,81,81,0
Austin,2026-03-14,86,85,1
Austin,2026-03-15,98,97,1
Austin,2026-03-16,56,54,2
Austin,2026-03-17,67,67,0
Austin,2026-03-18,78,77,1
Austin,2026-03-19,86,85,1
Austin,2026-03-20,90,90,0
Austin,2026-03-21,93,93,0
Austin,2026-03-22,93,92,1
Austin,2026-03-23,88,86,2
Austin,2026-03-24,88,87,1
Austin,2026-03-25,90,89,1
Austin,2026-03-26,89,89,0
Austin,2026-03-27,88,87,1
Austin,2026-03-28,74,72,2
Austin,2026-03-29,85,84,1
Austin,2026-03-30,89,88,1
Austin,2026-03-31,90,89,1
Austin,2026-04-01,92,91,1
Austin,2026-04-02,87,86,1
Austin,2026-04-03,84,83,1
Austin,2026-04-04,78,78,0
Austin,2026-04-05,65,65,0
Austin,2026-04-06,74,73,1
Austin,2026-04-07,77,75,2
Austin,2026-04-08,82,80,2
Austin,2026-04-09,84,81,3
Austin,2026-04-10,82,82,0
Austin,2026-04-11,84,83,1
Austin,2026-04-12,80,80,0
Austin,2026-04-13,89,87,2
Austin,2026-04-14,88,87,1
Austin,2026-04-15,86,85,1
Austin,2026-04-16,89,88,1
Austin,2026-04-17,89,89,0
Austin,2026-04-18,74,73,1
Austin,2026-04-19,72,71,1
Austin,2026-04-20,62,61,1
Austin,2026-04-21,64,64,0
Austin,2026-04-22,85,84,1
Austin,2026-04-23,83,82,1
Austin,2026-04-24,90,89,1
Austin,2026-04-25,90,89,1
Austin,2026-04-26,88,87,1
San Francisco,2025-04-27,57,57,0
San Francisco,2025-04-30,67,66,1
San Francisco,2025-05-01,65,64,1
San Francisco,2025-05-02,61,60,1
San Francisco,2025-05-03,60,60,0
San Francisco,2025-05-04,65,64,1
San Francisco,2025-05-05,81,81,0
San Francisco,2025-05-06,74,72,2
San Francisco,2025-05-07,66,66,0
San Francisco,2025-05-08,73,73,0
San Francisco,2025-05-09,78,77,1
San Francisco,2025-05-10,68,68,0
San Francisco,2025-05-11,64,63,1
San Francisco,2025-05-12,63,62,1
San Francisco,2025-05-13,66,66,0
San Francisco,2025-05-14,68,66,2
San Francisco,2025-05-15,70,69,1
San Francisco,2025-05-16,68,66,2
San Francisco,2025-05-17,63,62,1
San Francisco,2025-05-18,66,66,0
San Francisco,2025-05-19,70,70,0
San Francisco,2025-05-20,65,65,0
San Francisco,2025-05-21,72,69,3
San Francisco,2025-05-22,65,65,0
San Francisco,2025-05-23,61,60,1
San Francisco,2025-05-24,60,59,1
San Francisco,2025-05-25,64,64,0
San Francisco,2025-05-26,65,64,1
San Francisco,2025-05-27,68,66,2
San Francisco,2025-05-28,64,63,1
San Francisco,2025-05-29,70,69,1
San Francisco,2025-05-30,80,79,1
San Francisco,2025-05-31,74,73,1
San Francisco,2025-06-01,65,65,0
San Francisco,2025-06-02,72,71,1
San Francisco,2025-06-03,71,70,1
San Francisco,2025-06-04,68,67,1
San Francisco,2025-06-05,70,69,1
San Francisco,2025-06-06,69,69,0
San Francisco,2025-06-07,66,65,1
San Francisco,2025-06-08,67,67,0
San Francisco,2025-06-09,65,63,2
San Francisco,2025-06-10,64,64,0
San Francisco,2025-06-11,62,61,1
San Francisco,2025-06-12,62,61,1
San Francisco,2025-06-13,67,66,1
San Francisco,2025-06-14,66,64,2
San Francisco,2025-06-15,66,65,1
San Francisco,2025-06-16,64,63,1
San Francisco,2025-06-17,67,67,0
San Francisco,2025-06-18,68,68,0
San Francisco,2025-06-19,62,62,0
San Francisco,2025-06-20,63,62,1
San Francisco,2025-06-21,68,67,1
San Francisco,2025-06-22,67,66,1
San Francisco,2025-06-23,67,65,2
San Francisco,2025-06-24,64,64,0
San Francisco,2025-06-25,64,63,1
San Francisco,2025-06-26,65,64,1
San Francisco,2025-06-27,72,70,2
San Francisco,2025-06-28,78,76,2
San Francisco,2025-06-29,69,69,0
San Francisco,2025-06-30,67,66,1
San Francisco,2025-07-01,69,66,3
San Francisco,2025-07-02,69,66,3
San Francisco,2025-07-03,65,64,1
San Francisco,2025-07-04,67,66,1
San Francisco,2025-07-05,67,66,1
San Francisco,2025-07-06,67,66,1
San Francisco,2025-07-07,72,71,1
San Francisco,2025-07-08,72,71,1
San Francisco,2025-07-09,66,64,2
San Francisco,2025-07-10,76,76,0
San Francisco,2025-07-11,69,68,1
San Francisco,2025-07-12,71,70,1
San Francisco,2025-07-13,67,67,0
San Francisco,2025-07-14,68,67,1
San Francisco,2025-07-15,73,71,2
San Francisco,2025-07-16,70,69,1
San Francisco,2025-07-17,71,70,1
San Francisco,2025-07-18,67,66,1
San Francisco,2025-07-19,66,66,0
San Francisco,2025-07-20,68,68,0
San Francisco,2025-07-21,66,65,1
San Francisco,2025-07-22,69,67,2
San Francisco,2025-07-23,71,71,0
San Francisco,2025-07-24,71,70,1
San Francisco,2025-07-25,69,69,0
San Francisco,2025-07-26,69,68,1
San Francisco,2025-07-27,67,66,1
San Francisco,2025-07-28,70,70,0
San Francisco,2025-07-29,71,70,1
San Francisco,2025-07-30,69,67,2
San Francisco,2025-07-31,72,70,2
San Francisco,2025-08-01,68,68,0
San Francisco,2025-08-02,66,66,0
San Francisco,2025-08-03,69,68,1
San Francisco,2025-08-04,73,73,0
San Francisco,2025-08-05,69,69,0
San Francisco,2025-08-06,81,79,2
San Francisco,2025-08-07,72,71,1
San Francisco,2025-08-08,75,75,0
San Francisco,2025-08-09,75,74,1
San Francisco,2025-08-10,69,69,0
San Francisco,2025-08-11,68,67,1
San Francisco,2025-08-12,68,67,1
San Francisco,2025-08-13,71,69,2
San Francisco,2025-08-14,70,69,1
San Francisco,2025-08-15,71,71,0
San Francisco,2025-08-16,74,73,1
San Francisco,2025-08-17,72,70,2
San Francisco,2025-08-18,74,73,1
San Francisco,2025-08-19,73,72,1
San Francisco,2025-08-20,82,78,4
San Francisco,2025-08-21,81,79,2
San Francisco,2025-08-22,71,70,1
San Francisco,2025-08-23,69,69,0
San Francisco,2025-08-24,69,69,0
San Francisco,2025-08-25,71,70,1
San Francisco,2025-08-26,76,75,1
San Francisco,2025-08-27,75,74,1
San Francisco,2025-08-28,75,73,2
San Francisco,2025-08-29,71,71,0
San Francisco,2025-08-30,84,83,1
San Francisco,2025-08-31,83,81,2
San Francisco,2025-09-01,76,75,1
San Francisco,2025-09-02,77,75,2
San Francisco,2025-09-03,73,72,1
San Francisco,2025-09-04,70,70,0
San Francisco,2025-09-05,70,69,1
San Francisco,2025-09-06,73,72,1
San Francisco,2025-09-07,76,74,2
San Francisco,2025-09-08,78,77,1
San Francisco,2025-09-09,73,72,1
San Francisco,2025-09-10,71,70,1
San Francisco,2025-09-11,72,71,1
San Francisco,2025-09-12,71,70,1
San Francisco,2025-09-13,68,68,0
San Francisco,2025-09-14,74,73,1
San Francisco,2025-09-15,82,82,0
San Francisco,2025-09-16,74,74,0
San Francisco,2025-09-17,81,79,2
San Francisco,2025-09-18,70,70,0
San Francisco,2025-09-19,72,71,1
San Francisco,2025-09-20,72,71,1
San Francisco,2025-09-21,73,71,2
San Francisco,2025-09-22,80,76,4
San Francisco,2025-09-23,91,90,1
San Francisco,2025-09-25,73,71,2
San Francisco,2025-09-26,74,74,0
San Francisco,2025-09-27,71,70,1
San Francisco,2025-09-28,70,69,1
San Francisco,2025-09-29,74,72,2
San Francisco,2025-09-30,74,73,1
San Francisco,2025-10-02,69,68,1
San Francisco,2025-10-03,69,68,1
San Francisco,2025-10-04,73,71,2
San Francisco,2025-10-05,76,76,0
San Francisco,2025-10-06,84,83,1
San Francisco,2025-10-07,78,76,2
San Francisco,2025-10-08,71,71,0
San Francisco,2025-10-09,70,69,1
San Francisco,2025-10-10,69,72,-3
San Francisco,2025-10-11,70,69,1
San Francisco,2025-10-12,70,70,0
San Francisco,2025-10-13,65,65,0
San Francisco,2025-10-14,63,61,2
San Francisco,2025-10-15,63,63,0
San Francisco,2025-10-16,68,67,1
San Francisco,2025-10-17,75,73,2
San Francisco,2025-10-18,77,76,1
San Francisco,2025-10-19,70,70,0
San Francisco,2025-10-20,77,76,1
San Francisco,2025-10-21,73,70,3
San Francisco,2025-10-22,67,67,0
San Francisco,2025-10-23,65,64,1
San Francisco,2025-10-24,66,65,1
San Francisco,2025-10-25,66,66,0
San Francisco,2025-10-26,67,66,1
San Francisco,2025-10-27,68,68,0
San Francisco,2025-10-28,76,75,1
San Francisco,2025-10-29,80,77,3
San Francisco,2025-10-30,63,63,0
San Francisco,2025-10-31,68,65,3
San Francisco,2025-11-01,70,70,0
San Francisco,2025-11-02,74,73,1
San Francisco,2025-11-03,66,65,1
San Francisco,2025-11-04,69,68,1
San Francisco,2025-11-05,67,66,1
San Francisco,2025-11-06,68,68,0
San Francisco,2025-11-07,68,67,1
San Francisco,2025-11-08,70,69,1
San Francisco,2025-11-09,78,77,1
San Francisco,2025-11-10,74,72,2
San Francisco,2025-11-11,73,71,2
San Francisco,2025-11-12,68,68,0
San Francisco,2025-11-13,67,67,0
San Francisco,2025-11-14,64,63,1
San Francisco,2025-11-15,65,65,0
San Francisco,2025-11-16,62,62,0
San Francisco,2025-11-17,58,58,0
San Francisco,2025-11-18,61,60,1
San Francisco,2025-11-19,59,59,0
San Francisco,2025-11-20,60,60,0
San Francisco,2025-11-21,64,64,0
San Francisco,2025-11-22,65,64,1
San Francisco,2025-11-23,58,57,1
San Francisco,2025-11-24,62,61,1
San Francisco,2025-11-25,58,58,0
San Francisco,2025-11-26,59,59,0
San Francisco,2025-11-27,56,55,1
San Francisco,2025-11-28,55,54,1
San Francisco,2025-11-29,54,54,0
San Francisco,2025-11-30,52,52,0
San Francisco,2025-12-01,53,53,0
San Francisco,2025-12-02,59,59,0
San Francisco,2025-12-03,63,63,0
San Francisco,2025-12-04,55,55,0
San Francisco,2025-12-05,56,55,1
San Francisco,2025-12-06,53,52,1
San Francisco,2025-12-07,52,52,0
San Francisco,2025-12-08,54,54,0
San Francisco,2025-12-09,54,53,1
San Francisco,2025-12-10,55,55,0
San Francisco,2025-12-11,54,54,0
San Francisco,2025-12-12,53,53,0
San Francisco,2025-12-13,53,52,1
San Francisco,2025-12-14,50,49,1
San Francisco,2025-12-15,52,52,0
San Francisco,2025-12-16,57,57,0
San Francisco,2025-12-17,63,63,0
San Francisco,2025-12-18,56,55,1
San Francisco,2025-12-19,64,64,0
San Francisco,2025-12-20,62,62,0
San Francisco,2025-12-21,62,62,0
San Francisco,2025-12-22,65,64,1
San Francisco,2025-12-23,63,62,1
San Francisco,2025-12-24,64,63,1
San Francisco,2025-12-25,62,61,1
San Francisco,2025-12-26,60,60,0
San Francisco,2025-12-27,55,54,1
San Francisco,2025-12-28,57,56,1
San Francisco,2025-12-29,62,61,1
San Francisco,2025-12-30,52,51,1
San Francisco,2025-12-31,52,52,0
San Francisco,2026-01-01,60,60,0
San Francisco,2026-01-02,62,62,0
San Francisco,2026-01-03,63,63,0
San Francisco,2026-01-04,58,58,0
San Francisco,2026-01-05,56,56,0
San Francisco,2026-01-06,59,58,1
San Francisco,2026-01-07,58,57,1
San Francisco,2026-01-08,57,56,1
San Francisco,2026-01-09,57,57,0
San Francisco,2026-01-10,55,54,1
San Francisco,2026-01-11,57,56,1
San Francisco,2026-01-12,61,60,1
San Francisco,2026-01-13,59,58,1
San Francisco,2026-01-14,59,59,0
San Francisco,2026-01-15,66,66,0
San Francisco,2026-01-16,71,69,2
San Francisco,2026-01-17,61,60,1
San Francisco,2026-01-18,64,62,2
San Francisco,2026-01-19,62,59,3
San Francisco,2026-01-20,56,55,1
San Francisco,2026-01-21,55,55,0
San Francisco,2026-01-22,61,61,0
San Francisco,2026-01-23,55,55,0
San Francisco,2026-01-24,64,63,1
San Francisco,2026-01-25,53,53,0
San Francisco,2026-01-26,60,58,2
San Francisco,2026-01-27,62,61,1
San Francisco,2026-01-28,61,61,0
San Francisco,2026-01-29,63,62,1
San Francisco,2026-01-30,61,61,0
San Francisco,2026-01-31,65,64,1
San Francisco,2026-02-01,65,65,0
San Francisco,2026-02-02,68,66,2
San Francisco,2026-02-03,64,64,0
San Francisco,2026-02-04,67,66,1
San Francisco,2026-02-05,68,67,1
San Francisco,2026-02-06,67,66,1
San Francisco,2026-02-07,60,59,1
San Francisco,2026-02-08,65,59,6
San Francisco,2026-02-09,62,61,1
San Francisco,2026-02-10,59,58,1
San Francisco,2026-02-11,59,58,1
San Francisco,2026-02-12,63,62,1
San Francisco,2026-02-13,60,59,1
San Francisco,2026-02-14,59,59,0
San Francisco,2026-02-15,60,60,0
San Francisco,2026-02-16,54,53,1
San Francisco,2026-02-17,52,51,1
San Francisco,2026-02-18,54,53,1
San Francisco,2026-02-19,52,52,0
San Francisco,2026-02-20,52,52,0
San Francisco,2026-02-21,61,61,0
San Francisco,2026-02-22,66,66,0
San Francisco,2026-02-23,63,62,1
San Francisco,2026-02-24,68,67,1
San Francisco,2026-02-25,64,63,1
San Francisco,2026-02-26,71,70,1
San Francisco,2026-02-27,72,72,0
San Francisco,2026-02-28,74,73,1
San Francisco,2026-03-01,62,61,1
San Francisco,2026-03-02,63,62,1
San Francisco,2026-03-03,61,61,0
San Francisco,2026-03-04,62,61,1
San Francisco,2026-03-05,63,62,1
San Francisco,2026-03-06,69,69,0
San Francisco,2026-03-07,74,73,1
San Francisco,2026-03-08,74,72,2
San Francisco,2026-03-09,66,66,0
San Francisco,2026-03-10,61,60,1
San Francisco,2026-03-11,73,71,2
San Francisco,2026-03-12,72,71,1
San Francisco,2026-03-13,71,69,2
San Francisco,2026-03-14,69,68,1
San Francisco,2026-03-15,79,78,1
San Francisco,2026-03-16,83,83,0
San Francisco,2026-03-17,85,82,3
San Francisco,2026-03-18,81,80,1
San Francisco,2026-03-19,85,81,4
San Francisco,2026-03-20,89,88,1
San Francisco,2026-03-21,75,72,3
San Francisco,2026-03-22,69,69,0
San Francisco,2026-03-23,76,75,1
San Francisco,2026-03-24,78,77,1
San Francisco,2026-03-25,69,68,1
San Francisco,2026-03-26,73,71,2
San Francisco,2026-03-27,80,77,3
San Francisco,2026-03-28,73,72,1
San Francisco,2026-03-29,84,83,1
San Francisco,2026-03-30,73,71,2
San Francisco,2026-03-31,67,67,0
San Francisco,2026-04-01,62,61,1
San Francisco,2026-04-02,63,62,1
San Francisco,2026-04-03,74,72,2
San Francisco,2026-04-04,80,80,0
San Francisco,2026-04-05,81,80,1
San Francisco,2026-04-06,62,62,0
San Francisco,2026-04-07,64,63,1
San Francisco,2026-04-08,72,70,2
San Francisco,2026-04-09,71,70,1
San Francisco,2026-04-10,66,65,1
San Francisco,2026-04-11,62,61,1
San Francisco,2026-04-12,59,59,0
San Francisco,2026-04-13,63,62,1
San Francisco,2026-04-14,61,60,1
San Francisco,2026-04-15,62,62,0
San Francisco,2026-04-16,67,66,1
San Francisco,2026-04-17,70,69,1
San Francisco,2026-04-18,72,72,0
San Francisco,2026-04-19,73,70,3
San Francisco,2026-04-20,66,65,1
San Francisco,2026-04-21,63,62,1
San Francisco,2026-04-22,65,64,1
San Francisco,2026-04-23,68,67,1
San Francisco,2026-04-24,63,62,1
San Francisco,2026-04-25,59,59,0
San Francisco,2026-04-26,62,62,0
Seattle,2025-04-27,58,57,1
Seattle,2025-04-28,55,55,0
Seattle,2025-04-29,59,58,1
Seattle,2025-04-30,61,60,1
Seattle,2025-05-01,76,75,1
Seattle,2025-05-02,69,69,0
Seattle,2025-05-03,57,54,3
Seattle,2025-05-04,61,60,1
Seattle,2025-05-05,70,69,1
Seattle,2025-05-06,77,77,0
Seattle,2025-05-07,66,65,1
Seattle,2025-05-08,63,63,0
Seattle,2025-05-09,70,69,1
Seattle,2025-05-10,63,63,0
Seattle,2025-05-11,62,61,1
Seattle,2025-05-12,67,66,1
Seattle,2025-05-13,60,60,0
Seattle,2025-05-14,62,61,1
Seattle,2025-05-15,56,55,1
Seattle,2025-05-16,59,59,0
Seattle,2025-05-17,62,61,1
Seattle,2025-05-18,62,61,1
Seattle,2025-05-19,61,60,1
Seattle,2025-05-20,60,58,2
Seattle,2025-05-21,62,61,1
Seattle,2025-05-22,68,67,1
Seattle,2025-05-23,67,66,1
Seattle,2025-05-24,76,75,1
Seattle,2025-05-25,69,68,1
Seattle,2025-05-26,67,66,1
Seattle,2025-05-29,69,68,1
Seattle,2025-05-30,77,76,1
Seattle,2025-05-31,64,62,2
Seattle,2025-06-01,67,66,1
Seattle,2025-06-02,71,70,1
Seattle,2025-06-03,74,73,1
Seattle,2025-06-04,67,66,1
Seattle,2025-06-05,77,77,0
Seattle,2025-06-06,79,78,1
Seattle,2025-06-07,81,80,1
Seattle,2025-06-08,90,88,2
Seattle,2025-06-09,87,85,2
Seattle,2025-06-10,81,80,1
Seattle,2025-06-11,69,68,1
Seattle,2025-06-12,66,65,1
Seattle,2025-06-13,64,63,1
Seattle,2025-06-14,68,67,1
Seattle,2025-06-15,71,71,0
Seattle,2025-06-16,74,73,1
Seattle,2025-06-17,73,73,0
Seattle,2025-06-18,69,68,1
Seattle,2025-06-19,69,68,1
Seattle,2025-06-20,63,62,1
Seattle,2025-06-21,58,58,0
Seattle,2025-06-22,68,67,1
Seattle,2025-06-23,77,75,2
Seattle,2025-06-24,80,78,2
Seattle,2025-06-25,71,71,0
Seattle,2025-06-26,66,66,0
Seattle,2025-06-27,69,67,2
Seattle,2025-06-28,75,74,1
Seattle,2025-06-29,80,79,1
Seattle,2025-06-30,87,87,0
Seattle,2025-07-01,87,86,1
Seattle,2025-07-02,75,75,0
Seattle,2025-07-03,69,69,0
Seattle,2025-07-04,74,73,1
Seattle,2025-07-05,75,74,1
Seattle,2025-07-06,79,78,1
Seattle,2025-07-07,85,84,1
Seattle,2025-07-08,85,85,0
Seattle,2025-07-09,72,72,0
Seattle,2025-07-10,73,72,1
Seattle,2025-07-11,84,83,1
Seattle,2025-07-12,83,82,1
Seattle,2025-07-13,90,89,1
Seattle,2025-07-14,78,78,0
Seattle,2025-07-15,88,87,1
Seattle,2025-07-16,94,92,2
Seattle,2025-07-17,86,84,2
Seattle,2025-07-18,70,70,0
Seattle,2025-07-19,70,69,1
Seattle,2025-07-20,65,64,1
Seattle,2025-07-21,77,76,1
Seattle,2025-07-22,78,77,1
Seattle,2025-07-23,83,83,0
Seattle,2025-07-24,76,74,2
Seattle,2025-07-25,71,70,1
Seattle,2025-07-26,71,70,1
Seattle,2025-07-27,76,75,1
Seattle,2025-07-28,82,81,1
Seattle,2025-07-29,85,84,1
Seattle,2025-07-30,85,83,2
Seattle,2025-07-31,80,78,2
Seattle,2025-08-01,75,75,0
Seattle,2025-08-02,73,72,1
Seattle,2025-08-03,71,70,1
Seattle,2025-08-04,71,70,1
Seattle,2025-08-05,78,77,1
Seattle,2025-08-06,72,71,1
Seattle,2025-08-07,70,69,1
Seattle,2025-08-08,77,76,1
Seattle,2025-08-09,81,80,1
Seattle,2025-08-10,88,88,0
Seattle,2025-08-11,87,86,1
Seattle,2025-08-12,92,91,1
Seattle,2025-08-13,78,78,0
Seattle,2025-08-14,75,75,0
Seattle,2025-08-15,68,68,0
Seattle,2025-08-16,74,73,1
Seattle,2025-08-17,74,73,1
Seattle,2025-08-18,75,73,2
Seattle,2025-08-19,75,75,0
Seattle,2025-08-20,75,75,0
Seattle,2025-08-21,78,78,0
Seattle,2025-08-22,89,88,1
Seattle,2025-08-23,90,90,0
Seattle,2025-08-24,90,89,1
Seattle,2025-08-25,91,90,1
Seattle,2025-08-26,88,87,1
Seattle,2025-08-27,75,75,0
Seattle,2025-08-28,82,81,1
Seattle,2025-08-29,73,72,1
Seattle,2025-08-30,70,69,1
Seattle,2025-08-31,76,75,1
Seattle,2025-09-01,71,70,1
Seattle,2025-09-02,79,78,1
Seattle,2025-09-03,84,82,2
Seattle,2025-09-04,79,78,1
Seattle,2025-09-05,77,76,1
Seattle,2025-09-06,73,72,1
Seattle,2025-09-07,70,70,0
Seattle,2025-09-08,75,73,2
Seattle,2025-09-09,70,70,0
Seattle,2025-09-10,75,75,0
Seattle,2025-09-11,67,67,0
Seattle,2025-09-12,72,71,1
Seattle,2025-09-13,75,75,0
Seattle,2025-09-14,68,68,0
Seattle,2025-09-15,70,69,1
Seattle,2025-09-16,91,90,1
Seattle,2025-09-17,78,77,1
Seattle,2025-09-18,72,71,1
Seattle,2025-09-19,76,75,1
Seattle,2025-09-20,73,73,0
Seattle,2025-09-21,69,67,2
Seattle,2025-09-22,71,70,1
Seattle,2025-09-23,76,75,1
Seattle,2025-09-24,72,72,0
Seattle,2025-09-25,62,62,0
Seattle,2025-09-26,70,69,1
Seattle,2025-09-27,75,73,2
Seattle,2025-09-28,69,69,0
Seattle,2025-09-29,63,63,0
Seattle,2025-09-30,70,69,1
Seattle,2025-10-01,67,66,1
Seattle,2025-10-02,69,67,2
Seattle,2025-10-03,64,63,1
Seattle,2025-10-04,65,63,2
Seattle,2025-10-05,64,63,1
Seattle,2025-10-06,70,70,0
Seattle,2025-10-07,75,74,1
Seattle,2025-10-08,61,61,0
Seattle,2025-10-09,62,62,0
Seattle,2025-10-10,61,61,0
Seattle,2025-10-11,57,57,0
Seattle,2025-10-12,56,55,1
Seattle,2025-10-13,58,58,0
Seattle,2025-10-14,59,59,0
Seattle,2025-10-15,61,60,1
Seattle,2025-10-16,58,57,1
Seattle,2025-10-17,60,59,1
Seattle,2025-10-18,54,54,0
Seattle,2025-10-19,59,59,0
Seattle,2025-10-20,58,58,0
Seattle,2025-10-21,61,60,1
Seattle,2025-10-22,62,62,0
Seattle,2025-10-23,62,60,2
Seattle,2025-10-24,58,57,1
Seattle,2025-10-25,56,55,1
Seattle,2025-10-26,50,50,0
Seattle,2025-10-27,54,53,1
Seattle,2025-10-28,56,56,0
Seattle,2025-10-29,58,58,0
Seattle,2025-10-30,52,51,1
Seattle,2025-10-31,56,55,1
Seattle,2025-11-01,60,60,0
Seattle,2025-11-02,55,55,0
Seattle,2025-11-03,49,48,1
Seattle,2025-11-04,57,56,1
Seattle,2025-11-05,60,59,1
Seattle,2025-11-06,56,55,1
Seattle,2025-11-07,54,53,1
Seattle,2025-11-08,58,57,1
Seattle,2025-11-09,63,62,1
Seattle,2025-11-10,59,59,0
Seattle,2025-11-11,55,54,1
Seattle,2025-11-12,55,55,0
Seattle,2025-11-13,57,57,0
Seattle,2025-11-14,53,53,0
Seattle,2025-11-15,57,57,0
Seattle,2025-11-16,55,54,1
Seattle,2025-11-17,52,52,0
Seattle,2025-11-18,49,48,1
Seattle,2025-11-19,53,52,1
Seattle,2025-11-20,54,53,1
Seattle,2025-11-21,53,53,0
Seattle,2025-11-22,53,53,0
Seattle,2025-11-23,52,52,0
Seattle,2025-11-24,47,47,0
Seattle,2025-11-25,46,45,1
Seattle,2025-11-26,49,49,0
Seattle,2025-11-27,52,51,1
Seattle,2025-11-28,51,50,1
Seattle,2025-11-29,46,45,1
Seattle,2025-11-30,46,46,0
Seattle,2025-12-01,46,45,1
Seattle,2025-12-02,48,48,0
Seattle,2025-12-03,46,46,0
Seattle,2025-12-04,46,45,1
Seattle,2025-12-05,55,55,0
Seattle,2025-12-06,52,51,1
Seattle,2025-12-07,54,54,0
Seattle,2025-12-08,56,56,0
Seattle,2025-12-09,53,53,0
Seattle,2025-12-10,57,57,0
Seattle,2025-12-11,55,55,0
Seattle,2025-12-12,55,54,1
Seattle,2025-12-13,52,52,0
Seattle,2025-12-14,53,53,0
Seattle,2025-12-15,57,57,0
Seattle,2025-12-16,55,55,0
Seattle,2025-12-17,52,52,0
Seattle,2025-12-18,50,50,0
Seattle,2025-12-19,43,43,0
Seattle,2025-12-20,45,45,0
Seattle,2025-12-21,48,47,1
Seattle,2025-12-22,52,51,1
Seattle,2025-12-23,45,45,0
Seattle,2025-12-24,47,47,0
Seattle,2025-12-25,44,43,1
Seattle,2025-12-26,45,44,1
Seattle,2025-12-27,41,41,0
Seattle,2025-12-28,41,41,0
Seattle,2025-12-29,44,43,1
Seattle,2025-12-30,49,48,1
Seattle,2025-12-31,40,40,0
Seattle,2026-01-01,43,42,1
Seattle,2026-01-02,50,49,1
Seattle,2026-01-03,54,53,1
Seattle,2026-01-04,49,48,1
Seattle,2026-01-05,43,43,0
Seattle,2026-01-06,44,44,0
Seattle,2026-01-07,42,42,0
Seattle,2026-01-08,44,44,0
Seattle,2026-01-09,51,51,0
Seattle,2026-01-10,49,48,1
Seattle,2026-01-11,51,50,1
Seattle,2026-01-12,53,53,0
Seattle,2026-01-13,58,57,1
Seattle,2026-01-14,53,52,1
Seattle,2026-01-15,49,49,0
Seattle,2026-01-16,53,52,1
Seattle,2026-01-17,54,53,1
Seattle,2026-01-18,50,49,1
Seattle,2026-01-19,50,49,1
Seattle,2026-01-20,50,50,0
Seattle,2026-01-21,44,44,0
Seattle,2026-01-22,41,40,1
Seattle,2026-01-23,45,45,0
Seattle,2026-01-24,44,44,0
Seattle,2026-01-25,45,44,1
Seattle,2026-01-26,47,46,1
Seattle,2026-01-27,51,50,1
Seattle,2026-01-28,51,51,0
Seattle,2026-01-29,52,51,1
Seattle,2026-01-30,53,53,0
Seattle,2026-01-31,57,57,0
Seattle,2026-02-01,52,52,0
Seattle,2026-02-02,53,53,0
Seattle,2026-02-03,54,53,1
Seattle,2026-02-04,62,61,1
Seattle,2026-02-05,57,56,1
Seattle,2026-02-06,58,57,1
Seattle,2026-02-07,51,51,0
Seattle,2026-02-08,49,49,0
Seattle,2026-02-09,51,50,1
Seattle,2026-02-10,55,54,1
Seattle,2026-02-11,52,51,1
Seattle,2026-02-12,53,52,1
Seattle,2026-02-13,47,47,0
Seattle,2026-02-14,49,48,1
Seattle,2026-02-15,47,46,1
Seattle,2026-02-16,42,42,0
Seattle,2026-02-17,47,46,1
Seattle,2026-02-18,42,41,1
Seattle,2026-02-19,41,41,0
Seattle,2026-02-20,42,42,0
Seattle,2026-02-21,50,48,2
Seattle,2026-02-22,52,51,1
Seattle,2026-02-23,48,48,0
Seattle,2026-02-24,47,47,0
Seattle,2026-02-25,51,51,0
Seattle,2026-02-26,53,53,0
Seattle,2026-02-27,52,51,1
Seattle,2026-02-28,52,51,1
Seattle,2026-03-01,56,56,0
Seattle,2026-03-02,57,57,0
Seattle,2026-03-03,53,53,0
Seattle,2026-03-04,52,51,1
Seattle,2026-03-05,51,51,0
Seattle,2026-03-06,50,50,0
Seattle,2026-03-07,54,54,0
Seattle,2026-03-08,53,53,0
Seattle,2026-03-09,47,45,2
Seattle,2026-03-10,48,48,0
Seattle,2026-03-11,52,51,1
Seattle,2026-03-12,47,47,0
Seattle,2026-03-13,35,36,-1
Seattle,2026-03-14,46,45,1
Seattle,2026-03-15,49,48,1
Seattle,2026-03-16,56,55,1
Seattle,2026-03-17,53,53,0
Seattle,2026-03-18,57,56,1
Seattle,2026-03-19,54,54,0
Seattle,2026-03-20,58,57,1
Seattle,2026-03-21,52,51,1
Seattle,2026-03-22,52,52,0
Seattle,2026-03-23,50,50,0
Seattle,2026-03-24,54,54,0
Seattle,2026-03-25,52,51,1
Seattle,2026-03-26,53,52,1
Seattle,2026-03-27,58,58,0
Seattle,2026-03-28,57,55,2
Seattle,2026-03-29,46,46,0
Seattle,2026-03-30,50,50,0
Seattle,2026-03-31,58,56,2
Seattle,2026-04-01,49,49,0
Seattle,2026-04-02,54,53,1
Seattle,2026-04-03,58,57,1
Seattle,2026-04-04,63,63,0
Seattle,2026-04-05,67,67,0
Seattle,2026-04-06,73,72,1
Seattle,2026-04-07,56,55,1
Seattle,2026-04-08,61,61,0
Seattle,2026-04-09,66,66,0
Seattle,2026-04-10,68,68,0
Seattle,2026-04-11,55,54,1
Seattle,2026-04-12,57,56,1
Seattle,2026-04-13,56,55,1
Seattle,2026-04-14,47,47,0
Seattle,2026-04-15,50,49,1
Seattle,2026-04-16,56,55,1
Seattle,2026-04-17,56,55,1
Seattle,2026-04-18,68,68,0
Seattle,2026-04-19,74,74,0
Seattle,2026-04-20,72,70,2
Seattle,2026-04-21,60,58,2
Seattle,2026-04-22,52,52,0
Seattle,2026-04-23,58,57,1
Seattle,2026-04-24,63,63,0
Seattle,2026-04-25,64,64,0
