city,venue,bracket_id,bracket_label,side,entry_ts,entry_price,entry_mid,entry_z,entry_mean,entry_sd,size,exit_ts,exit_price,exit_reason,realized_pnl,spread_at_entry,depth_in,depth_out
Miami,polymarket,85140689607721506665183294099894542176790118996057348173338186542361012642511,88-89°F,no_long,2026-05-06T03:11:23+00:00,0.58,0.425,3.115617227303535,0.4095000000000001,0.004974937185533104,10,2026-05-06T05:11:25+00:00,0.585,time_stop,-0.05000000000000018,0.010000000000000009,432.0,4856.33
Miami,kalshi,KXHIGHMIA-26MAY06-B86.5,86° to 87°,no_long,2026-05-06T03:41:23+00:00,0.9099999999999999,0.095,2.523573072576181,0.0785,0.006538348415311006,10,2026-05-06T05:41:25+00:00,0.828,time_stop,-0.9200000000000003,0.010000000000000009,1339.0,2661.0
Miami,kalshi,KXHIGHMIA-26MAY06-B90.5,90° to 91°,yes_long,2026-05-06T04:11:23+00:00,0.321,0.315,-3.3451284202649716,0.36475,0.014872373717735853,10,2026-05-06T06:11:26+00:00,0.31,time_stop,-0.20999999999999988,0.010000000000000009,2330.0,2632.0
Miami,polymarket,64687270356227877735114551541159909514813507468449537872914426083910271559504,86-87°F,no_long,2026-05-06T04:16:24+00:00,0.67,0.33999999999999997,5.9752235693149265,0.32575000000000004,0.0023848480035423554,10,2026-05-06T06:16:26+00:00,0.64,time_stop,-0.3999999999999998,0.019999999999999962,638.06,4936.35
Miami,polymarket,114804271894982121980731173088377309764570850472853600164450085672265661761181,90-91°F,yes_long,2026-05-06T04:26:24+00:00,0.1,0.08,-3.250942548089769,0.11850000000000001,0.011842719282327009,10,2026-05-06T05:06:25+00:00,0.13,target,0.20000000000000004,0.01999999999999999,5931.89,1309.76
Miami,kalshi,KXHIGHMIA-26MAY06-B86.5,86° to 87°,yes_long,2026-05-06T05:51:25+00:00,0.14,0.135,-3.2962219835865674,0.172,0.011224972160321818,10,2026-05-06T07:51:25+00:00,0.13,time_stop,-0.2000000000000001,0.010000000000000009,2331.0,746.0
Miami,polymarket,100881562995294908510321203430593750218022655925410093547597547945049279894385,84-85°F,yes_long,2026-05-06T06:06:26+00:00,0.09,0.08499999999999999,-2.0445005357635613,0.10225,0.008437268515343103,10,2026-05-06T08:11:25+00:00,0.1,time_stop,8.326672684688674e-17,0.009999999999999995,5944.78,827.5899999999999
Miami,polymarket,64687270356227877735114551541159909514813507468449537872914426083910271559504,86-87°F,yes_long,2026-05-06T06:21:26+00:00,0.36,0.355,-3.4008006448743817,0.3785,0.006910137480542633,10,2026-05-06T08:26:25+00:00,0.26,time_stop,-1.0999999999999996,0.010000000000000009,4937.21,633.06
Miami,kalshi,KXHIGHMIA-26MAY06-B88.5,88° to 89°,no_long,2026-05-06T06:51:26+00:00,0.49000000000000005,0.515,4.358898943540665,0.48650000000000004,0.006538348415311016,10,2026-05-06T08:56:25+00:00,0.43,time_stop,-0.7000000000000005,0.010000000000000009,1760.0,2685.22
Miami,kalshi,KXHIGHMIA-26MAY06-B90.5,90° to 91°,yes_long,2026-05-06T06:56:26+00:00,0.31,0.305,-4.358898943540673,0.3145,0.002179449471770339,10,2026-05-06T08:56:25+00:00,0.24,end_of_window,-0.8000000000000002,0.010000000000000009,2330.0,2041.0
Miami,polymarket,114804271894982121980731173088377309764570850472853600164450085672265661761181,90-91°F,yes_long,2026-05-06T07:26:25+00:00,0.15126,0.14,-4.358898943540673,0.14475000000000002,0.0010897247358851695,10,2026-05-06T09:26:26+00:00,0.14,time_stop,-0.21259999999999982,0.01999999999999999,5862.650000000001,1082.76
Miami,kalshi,KXHIGHMIA-26MAY06-B86.5,86° to 87°,no_long,2026-05-06T08:16:25+00:00,0.8379999999999999,0.185,2.045497670754632,0.15875,0.012833062767710587,10,2026-05-06T10:16:26+00:00,0.86,time_stop,0.12000000000000063,0.010000000000000009,616.0,2333.0
Miami,kalshi,KXHIGHMIA-26MAY06-B88.5,88° to 89°,no_long,2026-05-06T09:01:26+00:00,0.41200000000000003,0.595,4.178082794647109,0.544,0.01220655561573368,10,2026-05-06T11:01:27+00:00,0.376,time_stop,-0.45999999999999985,0.010000000000000009,1760.0,2717.22
Miami,kalshi,KXHIGHMIA-26MAY06-B90.5,90° to 91°,yes_long,2026-05-06T09:01:26+00:00,0.25,0.245,-3.0,0.254,0.0030000000000000027,10,2026-05-06T11:01:27+00:00,0.19,time_stop,-0.7000000000000001,0.010000000000000009,2330.0,2184.0
Miami,polymarket,100881562995294908510321203430593750218022655925410093547597547945049279894385,84-85°F,yes_long,2026-05-06T09:36:26+00:00,0.07,0.07500000000000001,-3.4211023571681984,0.10325,0.008257572282456872,10,2026-05-06T11:36:27+00:00,0.06,time_stop,-0.2000000000000001,0.009999999999999995,5963.79,933.02
Miami,kalshi,KXHIGHMIA-26MAY06-B86.5,86° to 87°,no_long,2026-05-06T10:41:27+00:00,0.85,0.155,3.0236676721237092,0.13825,0.005539629951540085,10,2026-05-06T12:41:28+00:00,0.8100000000000002,time_stop,-0.49999999999999856,0.010000000000000009,2827.0,5333.0
Miami,kalshi,KXHIGHMIA-26MAY06-B90.5,90° to 91°,yes_long,2026-05-06T11:06:27+00:00,0.21000000000000002,0.195,-2.8303690591491786,0.2355,0.014309088021254182,10,2026-05-06T13:06:29+00:00,0.16,time_stop,-0.6,0.010000000000000009,4330.0,3785.0
Miami,kalshi,KXHIGHMIA-26MAY06-B88.5,88° to 89°,no_long,2026-05-06T11:11:27+00:00,0.38,0.625,2.517531124527155,0.588,0.014696938456699081,10,2026-05-06T11:26:27+00:00,0.45,target,0.6000000000000002,0.010000000000000009,3510.0,4646.0
Miami,kalshi,KXHIGHMIA-26MAY06-B88.5,88° to 89°,yes_long,2026-05-06T11:31:27+00:00,0.54,0.535,-2.557262885492879,0.5922499999999999,0.022387217334898957,10,2026-05-06T11:56:27+00:00,0.59,target,0.39999999999999913,0.010000000000000009,4370.22,3510.0
Miami,kalshi,KXHIGHMIA-26MAY06-B90.5,90° to 91°,yes_long,2026-05-06T13:26:29+00:00,0.15899999999999997,0.14500000000000002,-2.9009626704913676,0.163,0.006204836822995427,10,2026-05-06T15:26:30+00:00,0.10500000000000001,time_stop,-0.6399999999999998,0.009999999999999981,4331.0,3787.0
Miami,polymarket,85140689607721506665183294099894542176790118996057348173338186542361012642511,88-89°F,yes_long,2026-05-06T13:26:29+00:00,0.44000000000000006,0.435,-2.5131234497501693,0.46499999999999997,0.011937336386313328,10,2026-05-06T14:46:30+00:00,0.475,target,0.24999999999999964,0.010000000000000009,2863.0,468.99
Miami,kalshi,KXHIGHMIA-26MAY06-B88.5,88° to 89°,no_long,2026-05-06T13:36:29+00:00,0.346,0.675,3.476190476190482,0.602,0.020999999999999984,10,2026-05-06T13:56:29+00:00,0.39,target,0.3400000000000004,0.010000000000000009,3510.0,4360.889999999999
Miami,kalshi,KXHIGHMIA-26MAY06-B86.5,86° to 87°,no_long,2026-05-06T14:06:30+00:00,0.79,0.215,3.365179230915045,0.18825,0.00794905654779233,10,2026-05-06T16:06:31+00:00,0.71,time_stop,-0.9000000000000007,0.010000000000000009,445.0,5335.0
Miami,polymarket,114804271894982121980731173088377309764570850472853600164450085672265661761181,90-91°F,no_long,2026-05-06T14:51:30+00:00,0.89,0.165,3.2519892238263193,0.12050000000000001,0.01368393218340401,10,2026-05-06T16:06:31+00:00,0.95,target,0.49999999999999967,0.010000000000000009,575.29,2822.0
Miami,polymarket,64687270356227877735114551541159909514813507468449537872914426083910271559504,86-87°F,yes_long,2026-05-06T14:56:30+00:00,0.42000000000000004,0.35,-2.9999999999999996,0.4175,0.022500000000000006,10,2026-05-06T15:11:31+00:00,0.45500000000000007,target,0.25000000000000056,0.019999999999999962,3180.86,627.0
Miami,polymarket,100881562995294908510321203430593750218022655925410093547597547945049279894385,84-85°F,no_long,2026-05-06T15:16:30+00:00,0.9099999999999999,0.1005,4.182150043036521,0.0382,0.014896643917339235,10,2026-05-06T15:51:31+00:00,0.9524999999999999,target,0.32499999999999896,0.019000000000000003,350.0,2700.0
Miami,polymarket,85140689607721506665183294099894542176790118996057348173338186542361012642511,88-89°F,yes_long,2026-05-06T15:16:30+00:00,0.36,0.355,-4.574716472744715,0.45424999999999993,0.02169533359964764,10,2026-05-06T15:36:31+00:00,0.39,target,0.2000000000000007,0.010000000000000009,2693.0,438.99
Miami,polymarket,64687270356227877735114551541159909514813507468449537872914426083910271559504,86-87°F,no_long,2026-05-06T15:26:30+00:00,0.51,0.495,2.790641963257046,0.41275000000000006,0.029473505051147215,10,2026-05-06T17:26:32+00:00,0.34500000000000003,time_stop,-1.7499999999999996,0.010000000000000009,577.0,2682.0
Miami,kalshi,KXHIGHMIA-26MAY06-B90.5,90° to 91°,yes_long,2026-05-06T15:31:30+00:00,0.12,0.11499999999999999,-2.174899111382852,0.15425,0.018046814123273944,10,2026-05-06T17:31:32+00:00,0.063,time_stop,-0.6699999999999999,0.009999999999999995,4360.5,2808.0
Miami,kalshi,KXHIGHMIA-26MAY06-B86.5,86° to 87°,no_long,2026-05-06T16:11:31+00:00,0.665,0.345,2.1853919700899374,0.25675,0.04038177187791541,10,2026-05-06T16:31:31+00:00,0.73,target,0.5499999999999995,0.009999999999999953,350.0,4376.95
Miami,polymarket,85140689607721506665183294099894542176790118996057348173338186542361012642511,88-89°F,yes_long,2026-05-06T16:16:31+00:00,0.32,0.315,-2.5017363735237512,0.42774999999999996,0.04506869756272084,10,2026-05-06T16:51:31+00:00,0.37,target,0.4,0.010000000000000009,693.0,438.99
Miami,kalshi,KXHIGHMIA-26MAY06-B88.5,88° to 89°,no_long,2026-05-06T17:41:32+00:00,0.202,0.805,2.724514277853471,0.6679999999999999,0.05028419234709851,10,2026-05-06T19:41:33+00:00,0.02,time_stop,-1.9200000000000002,0.010000000000000009,1528.4099999999999,5247.0
Miami,polymarket,114804271894982121980731173088377309764570850472853600164450085672265661761181,90-91°F,no_long,2026-05-06T17:51:32+00:00,0.9099999999999999,0.055,2.5235730725761782,0.04675,0.0032691742076555066,10,2026-05-06T19:16:33+00:00,0.945,target,0.24999999999999964,0.009999999999999995,581.72,322.0
Miami,polymarket,64687270356227877735114551541159909514813507468449537872914426083910271559504,86-87°F,yes_long,2026-05-06T17:56:32+00:00,0.51,0.22999999999999998,-5.253426747604001,0.58575,0.06771770447970014,10,2026-05-06T18:01:32+00:00,0.5762499999999999,target,0.5624999999999997,0.01999999999999999,690.86,527.0
Miami,polymarket,85140689607721506665183294099894542176790118996057348173338186542361012642511,88-89°F,no_long,2026-05-06T17:56:32+00:00,0.5592400000000001,0.645,5.193703906683277,0.35375,0.05607751331861996,10,2026-05-06T18:01:32+00:00,0.615,target,0.4575999999999999,0.010000000000000009,438.99,193.0
Miami,polymarket,85140689607721506665183294099894542176790118996057348173338186542361012642511,88-89°F,no_long,2026-05-06T19:01:34+00:00,0.06,0.925,4.494307671007138,0.46925,0.10140605258070153,10,2026-05-06T21:01:34+00:00,0.007000000000000001,time_stop,-0.63,0.010000000000000009,1445.05,257.15
LA,polymarket,66283941706489252996016881001416919079579943048164795874516680917667959235231,72-73°F,no_long,2026-05-06T04:21:31+00:00,0.925,0.0795,7.938940611438063,0.036175,0.005457277251523877,10,2026-05-06T06:21:36+00:00,0.9280000000000002,time_stop,-0.06999999999999887,0.009000000000000008,1267.67,4655.0
LA,kalshi,KXHIGHLAX-26MAY06-B66.5,66° to 67°,yes_long,2026-05-06T04:26:32+00:00,0.1,0.095,-2.3834160922733494,0.121,0.010908712114635713,10,2026-05-06T06:26:36+00:00,0.08,time_stop,-0.29999999999999993,0.010000000000000009,2302.0,2331.0
LA,kalshi,KXHIGHLAX-26MAY06-T71,72° or above,no_long,2026-05-06T04:56:35+00:00,0.96,0.05,3.2500000000000027,0.037,0.003999999999999998,10,2026-05-06T06:56:36+00:00,0.924,time_stop,-0.4599999999999994,0.019999999999999997,3193.27,2451.0
LA,kalshi,KXHIGHLAX-26MAY06-B68.5,68° to 69°,yes_long,2026-05-06T05:41:35+00:00,0.536,0.525,-2.293678106742352,0.55025,0.011008519428151963,10,2026-05-06T07:41:35+00:00,0.53,time_stop,-0.15999999999999961,0.010000000000000009,2450.0,1649.0
LA,kalshi,KXHIGHLAX-26MAY06-B70.5,70° to 71°,no_long,2026-05-06T06:36:36+00:00,0.66,0.345,2.534345574105229,0.318,0.010653637876331263,10,2026-05-06T08:41:34+00:00,0.6439999999999999,time_stop,-0.260000000000001,0.009999999999999953,1774.0,2302.0
LA,polymarket,83590088738043453035891510132552140679003894325396704338395813529299844441659,66-67°F,yes_long,2026-05-06T07:06:36+00:00,0.13,0.095,-4.74314662823985,0.15475,0.012597122687344123,10,2026-05-06T08:56:35+00:00,0.16,target,0.20000000000000004,0.010000000000000009,4875.33,715.02
LA,kalshi,KXHIGHLAX-26MAY06-T71,72° or above,yes_long,2026-05-06T07:11:36+00:00,0.06,0.05,-2.1096325392232296,0.07250000000000001,0.010665364503850772,10,2026-05-06T08:16:34+00:00,0.10800000000000001,target,0.3800000000000001,0.019999999999999997,2451.0,2733.0
LA,polymarket,66283941706489252996016881001416919079579943048164795874516680917667959235231,72-73°F,no_long,2026-05-06T07:16:37+00:00,0.8880000000000001,0.1125,2.207563190384198,0.078425,0.015435571741921323,10,2026-05-06T08:06:34+00:00,0.93252,target,0.34519999999999984,0.0010000000000000009,1552.76,4655.0
LA,kalshi,KXHIGHLAX-26MAY06-B66.5,66° to 67°,yes_long,2026-05-06T07:21:35+00:00,0.076,0.065,-2.5235730725761805,0.08425,0.007628073151196176,10,2026-05-06T09:21:35+00:00,0.07,time_stop,-0.15999999999999995,0.010000000000000009,2302.0,3567.0
LA,polymarket,73557937948784610229970049501409596526652410428157868041850632059121267451134,70-71°F,yes_long,2026-05-06T08:06:34+00:00,0.17300000000000001,0.165,-2.658255846903112,0.2265,0.023135470602518547,10,2026-05-06T10:06:35+00:00,0.14662,time_stop,-0.36380000000000023,0.010000000000000009,4875.33,717.0
LA,kalshi,KXHIGHLAX-26MAY06-B68.5,68° to 69°,yes_long,2026-05-06T08:11:34+00:00,0.52,0.515,-2.121263981677376,0.53925,0.011431863365173654,10,2026-05-06T08:41:34+00:00,0.557,target,0.27000000000000013,0.010000000000000009,2276.0,1649.0
LA,kalshi,KXHIGHLAX-26MAY06-T71,72° or above,no_long,2026-05-06T08:21:34+00:00,0.8880000000000001,0.125,3.47112526448113,0.052500000000000005,0.020886598574205422,10,2026-05-06T08:41:34+00:00,0.9480000000000001,target,0.49999999999999967,0.010000000000000009,2615.0,2451.0
LA,kalshi,KXHIGHLAX-26MAY06-B68.5,68° to 69°,no_long,2026-05-06T08:46:35+00:00,0.44000000000000006,0.565,2.052952778741325,0.5377500000000001,0.013273563952458267,10,2026-05-06T10:51:34+00:00,0.35,time_stop,-1.0000000000000004,0.009999999999999898,1649.0,2710.26
LA,polymarket,83590088738043453035891510132552140679003894325396704338395813529299844441659,66-67°F,no_long,2026-05-06T09:31:35+00:00,0.8100000000000002,0.21000000000000002,3.527435252650573,0.15625,0.015237699957670771,10,2026-05-06T11:36:34+00:00,0.78839,time_stop,-0.3161000000000008,0.01999999999999999,569.62,4975.33
LA,kalshi,KXHIGHLAX-26MAY06-B70.5,70° to 71°,yes_long,2026-05-06T09:36:35+00:00,0.31,0.305,-2.9187679436411638,0.35075,0.01567442183941724,10,2026-05-06T11:41:35+00:00,0.14,time_stop,-1.8,0.010000000000000009,2331.47,2172.0
LA,kalshi,KXHIGHLAX-26MAY06-B66.5,66° to 67°,no_long,2026-05-06T10:11:35+00:00,0.9200000000000002,0.08499999999999999,2.002981071858726,0.07475000000000001,0.005117372372614678,10,2026-05-06T12:11:35+00:00,0.9,time_stop,-0.30000000000000104,0.009999999999999995,2976.0,2303.0
LA,polymarket,66283941706489252996016881001416919079579943048164795874516680917667959235231,72-73°F,no_long,2026-05-06T10:31:36+00:00,0.95,0.051,5.581052602166378,0.04375,0.001299038105676659,10,2026-05-06T12:36:35+00:00,0.9172500000000001,time_stop,-0.42749999999999877,0.016,1602.76,4705.0
LA,polymarket,73557937948784610229970049501409596526652410428157868041850632059121267451134,70-71°F,no_long,2026-05-06T11:16:34+00:00,0.82,0.195,2.1443148379848314,0.1795,0.0072284161474004864,10,2026-05-06T13:16:36+00:00,0.7191199999999999,time_stop,-1.108800000000001,0.010000000000000009,687.0,4875.33
LA,kalshi,KXHIGHLAX-26MAY06-T71,72° or above,no_long,2026-05-06T11:26:34+00:00,0.9559999999999998,0.055,2.2324487661000094,0.0335,0.009630680142129111,10,2026-05-06T13:26:36+00:00,0.9,time_stop,-0.6599999999999987,0.009999999999999995,3071.0,2302.0
LA,kalshi,KXHIGHLAX-26MAY06-B68.5,68° to 69°,no_long,2026-05-06T11:36:34+00:00,0.32,0.685,3.5078749938183025,0.6345,0.014396180048887982,10,2026-05-06T12:41:35+00:00,0.36,target,0.2999999999999995,0.009999999999999898,1399.0,2512.48
LA,kalshi,KXHIGHLAX-26MAY06-B70.5,70° to 71°,yes_long,2026-05-06T11:46:35+00:00,0.15,0.14500000000000002,-2.3509167879742203,0.21575000000000003,0.03009464238033075,10,2026-05-06T12:36:35+00:00,0.22000000000000003,target,0.6000000000000002,0.009999999999999981,2332.47,2232.0
LA,kalshi,KXHIGHLAX-26MAY06-B70.5,70° to 71°,no_long,2026-05-06T12:41:35+00:00,0.76,0.245,2.2332176666184633,0.17975000000000002,0.029217931138258227,10,2026-05-06T14:41:38+00:00,0.72,time_stop,-0.5000000000000003,0.010000000000000009,2277.0,2332.47
LA,polymarket,83590088738043453035891510132552140679003894325396704338395813529299844441659,66-67°F,no_long,2026-05-06T12:41:35+00:00,0.8100000000000002,0.265,2.053744123241082,0.221,0.02142428528562855,10,2026-05-06T13:11:36+00:00,0.8584999999999999,target,0.3849999999999977,0.010000000000000009,553.84,4867.0
LA,kalshi,KXHIGHLAX-26MAY06-B68.5,68° to 69°,yes_long,2026-05-06T12:46:35+00:00,0.615,0.605,-3.071667047898293,0.6707500000000001,0.021405314760591578,10,2026-05-06T14:46:38+00:00,0.548,time_stop,-0.7699999999999999,0.010000000000000009,2477.48,1399.0
LA,kalshi,KXHIGHLAX-26MAY06-B66.5,66° to 67°,yes_long,2026-05-06T13:01:36+00:00,0.07,0.065,-2.365592207052229,0.08125,0.006869315832017037,10,2026-05-06T15:01:38+00:00,0.06,time_stop,-0.2000000000000001,0.010000000000000009,2269.0,3329.0299999999997
LA,polymarket,66283941706489252996016881001416919079579943048164795874516680917667959235231,72-73°F,yes_long,2026-05-06T13:16:36+00:00,0.06810000000000001,0.0505,-2.9592843535130022,0.063075,0.004249338183764622,10,2026-05-06T15:16:38+00:00,0.03,time_stop,-0.4810000000000001,0.000999999999999994,2705.0,1602.76
LA,kalshi,KXHIGHLAX-26MAY06-T71,72° or above,no_long,2026-05-06T13:56:36+00:00,0.8699999999999999,0.14,3.0015011259383217,0.09,0.016658331248957683,10,2026-05-06T15:56:38+00:00,0.86,time_stop,-0.19999999999999965,0.01999999999999999,9683.0,4605.860000000001
LA,polymarket,41289218638665034309059808054349574886330797208477504580184804911816266160718,68-69°F,no_long,2026-05-06T14:41:38+00:00,0.34,0.655,2.01143519896442,0.592,0.03132091952673165,10,2026-05-06T14:46:38+00:00,0.395,target,0.44999999999999984,0.010000000000000009,1395.56,2717.0
LA,kalshi,KXHIGHLAX-26MAY06-B68.5,68° to 69°,yes_long,2026-05-06T14:51:38+00:00,0.56,0.555,-2.1163710476156794,0.6014999999999999,0.021971572542719836,10,2026-05-06T16:51:39+00:00,0.567,time_stop,-0.03000000000000061,0.010000000000000009,2478.48,3400.0
LA,kalshi,KXHIGHLAX-26MAY06-B70.5,70° to 71°,no_long,2026-05-06T14:51:38+00:00,0.72,0.28500000000000003,2.6905439914368996,0.25575000000000003,0.01087140745257946,10,2026-05-06T16:51:39+00:00,0.639,time_stop,-0.9099999999999996,0.009999999999999953,4277.0,4333.47
LA,polymarket,83590088738043453035891510132552140679003894325396704338395813529299844441659,66-67°F,no_long,2026-05-06T15:11:39+00:00,0.8299999999999998,0.195,2.035609347151296,0.11574999999999999,0.03893183144934232,10,2026-05-06T17:11:39+00:00,0.77,time_stop,-0.6999999999999987,0.010000000000000009,590.16,2867.0
LA,kalshi,KXHIGHLAX-26MAY06-B66.5,66° to 67°,no_long,2026-05-06T15:21:39+00:00,0.93,0.08,3.011017297453289,0.0615,0.006144102863722256,10,2026-05-06T17:21:39+00:00,0.96,time_stop,0.19999999999999893,0.01999999999999999,6495.86,4270.0
LA,kalshi,KXHIGHLAX-26MAY06-T71,72° or above,yes_long,2026-05-06T16:11:39+00:00,0.10600000000000001,0.095,-2.105613737594514,0.12275,0.013179055353097206,10,2026-05-06T17:46:40+00:00,0.154,target,0.38,0.010000000000000009,4688.139999999999,6065.0
LA,kalshi,KXHIGHLAX-26MAY06-B68.5,68° to 69°,no_long,2026-05-06T17:16:39+00:00,0.384,0.625,2.151515151515156,0.5894999999999999,0.016500000000000008,10,2026-05-06T17:31:40+00:00,0.43,target,0.35999999999999954,0.010000000000000009,1401.0,2499.65
LA,polymarket,41289218638665034309059808054349574886330797208477504580184804911816266160718,68-69°F,no_long,2026-05-06T17:16:39+00:00,0.4,0.605,2.7196004146003374,0.5770000000000001,0.010295630140986977,10,2026-05-06T19:16:41+00:00,0.02,time_stop,-3.9,0.010000000000000009,690.46,2717.0
LA,kalshi,KXHIGHLAX-26MAY06-B68.5,68° to 69°,yes_long,2026-05-06T17:41:40+00:00,0.5347000000000001,0.515,-3.457486890173991,0.5902499999999999,0.021764363073611865,10,2026-05-06T17:51:40+00:00,0.594,target,0.4929999999999991,0.010000000000000009,2404.5099999999998,2001.3
LA,kalshi,KXHIGHLAX-26MAY06-T71,72° or above,no_long,2026-05-06T17:56:41+00:00,0.8699899999999999,0.14500000000000002,2.0354009783964315,0.10874999999999999,0.01780975856096876,10,2026-05-06T18:01:40+00:00,0.9,target,0.20010000000000047,0.009999999999999981,2526.0,2706.19
LA,kalshi,KXHIGHLAX-26MAY06-B70.5,70° to 71°,yes_long,2026-05-06T18:01:40+00:00,0.257,0.24,-2.3520752676128684,0.28900000000000003,0.020832666655999643,10,2026-05-06T20:01:42+00:00,0.054000000000000006,time_stop,-2.13,0.01999999999999999,2361.5,3228.0
LA,polymarket,73557937948784610229970049501409596526652410428157868041850632059121267451134,70-71°F,no_long,2026-05-06T18:01:40+00:00,0.79,0.20500000000000002,2.8570295572195192,0.16275,0.014788086421170245,10,2026-05-06T18:16:41+00:00,0.8649999999999999,target,0.6499999999999982,0.009999999999999981,470.0,2967.0
LA,kalshi,KXHIGHLAX-26MAY06-T71,72° or above,yes_long,2026-05-06T18:11:40+00:00,0.07,0.065,-2.273359919977732,0.11025,0.019904459299363048,10,2026-05-06T20:01:42+00:00,0.02,time_stop,-0.6,0.010000000000000009,2706.19,1955.0
LA,kalshi,KXHIGHLAX-26MAY06-B68.5,68° to 69°,no_long,2026-05-06T18:26:41+00:00,0.28,0.725,2.066588377837724,0.6105,0.05540532465386336,10,2026-05-06T20:26:42+00:00,0.065,time_stop,-2.2500000000000004,0.010000000000000009,2001.0,2518.14
LA,polymarket,73557937948784610229970049501409596526652410428157868041850632059121267451134,70-71°F,yes_long,2026-05-06T18:36:41+00:00,0.06,0.10500000000000001,-2.0916724823555337,0.159,0.02581666128685117,10,2026-05-06T20:36:42+00:00,0.025,time_stop,-0.44999999999999996,0.009999999999999995,2717.0,405.0
LA,kalshi,KXHIGHLAX-26MAY06-B68.5,68° to 69°,no_long,2026-05-06T20:46:43+00:00,0.076,0.935,2.466535806081387,0.89375,0.01672386020032458,10,2026-05-06T22:06:43+00:00,0.05,time_stop,-0.36,0.009999999999999898,2151.2999999999997,3290.2999999999997
Austin,polymarket,115242006864900637683326616091450246808371407124626760289226314028811477373394,86-87°F,yes_long,2026-05-06T02:56:37+00:00,0.08,0.07500000000000001,-9.666666666666675,0.0895,0.0014999999999999972,10,2026-05-06T04:56:41+00:00,0.02,time_stop,-0.7000000000000001,0.009999999999999995,4935.33,638.34
Austin,kalshi,KXHIGHAUS-26MAY06-B86.5,86° to 87°,yes_long,2026-05-06T03:06:37+00:00,0.127,0.11499999999999999,-3.9868505325569674,0.12975,0.0036996621467371886,10,2026-05-06T05:06:43+00:00,0.1,time_stop,-0.37,0.009999999999999995,2512.0,988.0
Austin,kalshi,KXHIGHAUS-26MAY06-T86,85° or below,no_long,2026-05-06T03:06:37+00:00,0.13,0.875,4.059532748843607,0.84975,0.00621992765231237,10,2026-05-06T05:06:43+00:00,0.10200000000000001,time_stop,-0.38,0.010000000000000009,8659.0,3951.0
Austin,polymarket,64612600950156211735219739844016915336743868834735917373696993936948337345293,81°F or below,no_long,2026-05-06T03:11:37+00:00,0.27771,0.742,2.4761304578223013,0.6346,0.04337412823331438,10,2026-05-06T05:11:43+00:00,0.172,time_stop,-1.1571000000000002,0.01200000000000001,577.35,621.88
Austin,polymarket,67567443906469341795329494411211362526477669600496033789035091498577391191175,84-85°F,no_long,2026-05-06T04:31:40+00:00,0.9,0.11,2.2189087755549393,0.06725,0.01926622692693097,10,2026-05-06T05:11:43+00:00,0.9349999999999999,target,0.24999999999999964,0.01999999999999999,777.73,4935.33
Austin,kalshi,KXHIGHAUS-26MAY06-B86.5,86° to 87°,yes_long,2026-05-06T05:51:44+00:00,0.10600000000000001,0.095,-2.5476160406049204,0.10525,0.004023369234857768,10,2026-05-06T07:56:42+00:00,0.06,time_stop,-0.56,0.010000000000000009,2402.0,1038.0
Austin,polymarket,22436669310881465227881647334282811270479217892164992717515227955688380361377,82-83°F,no_long,2026-05-06T05:51:44+00:00,0.9099999999999999,0.095,2.3385736151920296,0.073,0.00940744386111339,10,2026-05-06T07:56:42+00:00,0.8699999999999999,time_stop,-0.5000000000000003,0.010000000000000009,480.37,4953.96
Austin,kalshi,KXHIGHAUS-26MAY06-T86,85° or below,yes_long,2026-05-06T07:11:43+00:00,0.8699999999999999,0.865,-5.764613536983137,0.901,0.006244997998398403,10,2026-05-06T07:31:42+00:00,0.9200000000000002,target,0.4000000000000018,0.010000000000000009,3286.0,8609.0
Austin,polymarket,64612600950156211735219739844016915336743868834735917373696993936948337345293,81°F or below,no_long,2026-05-06T08:31:42+00:00,0.238,0.8165,2.434026476133361,0.7927,0.009778036612735692,10,2026-05-06T10:31:43+00:00,0.22000000000000003,time_stop,-0.2799999999999997,0.0010000000000000009,811.53,473.78
Austin,polymarket,22436669310881465227881647334282811270479217892164992717515227955688380361377,82-83°F,no_long,2026-05-06T08:51:42+00:00,0.85,0.16999999999999998,2.025005879130738,0.13075,0.019382659776202026,10,2026-05-06T10:51:42+00:00,0.82,time_stop,-0.4000000000000007,0.01999999999999999,687.3399999999999,4886.72
Austin,polymarket,67567443906469341795329494411211362526477669600496033789035091498577391191175,84-85°F,no_long,2026-05-06T09:11:42+00:00,0.925,0.0755,2.651115668416803,0.056775,0.007063064136761041,10,2026-05-06T11:11:42+00:00,0.946,time_stop,0.10999999999999907,0.0010000000000000009,588.4,4719.41
Austin,kalshi,KXHIGHAUS-26MAY06-B86.5,86° to 87°,yes_long,2026-05-06T10:11:43+00:00,0.096,0.08,-5.160021372913856,0.158,0.015116216457830973,10,2026-05-06T12:16:43+00:00,0.01,time_stop,-0.9600000000000001,0.01999999999999999,2403.0,1098.0
Austin,polymarket,64612600950156211735219739844016915336743868834735917373696993936948337345293,81°F or below,yes_long,2026-05-06T12:46:43+00:00,0.8105,0.6875,-12.291988971181327,0.780625,0.007576072531331778,10,2026-05-06T14:46:47+00:00,0.8184999999999999,time_stop,-0.02000000000000171,0.0009999999999998899,394.0,802.35
Austin,polymarket,64612600950156211735219739844016915336743868834735917373696993936948337345293,81°F or below,no_long,2026-05-06T14:51:46+00:00,0.1755,0.8265,2.3925244799430163,0.7281500000000001,0.04110720739724359,10,2026-05-06T16:51:48+00:00,0.004,time_stop,-1.815,0.007000000000000006,802.35,403.31
San Francisco,kalshi,KXHIGHTSFO-26MAY06-B69.5,69° to 70°,no_long,2026-05-06T02:26:45+00:00,0.9349999999999999,0.08,4.255632160255339,0.04225,0.008870597499605086,10,2026-05-06T04:26:46+00:00,0.9399999999999998,time_stop,-0.05000000000000107,0.01999999999999999,506.85,809.0
San Francisco,polymarket,54448908127691314567526712606064672569599689448685698741734561145828215494822,60-61°F,no_long,2026-05-06T02:36:45+00:00,0.907,0.055,2.0487570688968355,0.048900000000000006,0.0029774149861918828,10,2026-05-06T04:36:47+00:00,0.9,time_stop,-0.1700000000000003,0.009999999999999995,1451.67,4660.06
San Francisco,kalshi,KXHIGHTSFO-26MAY06-B63.5,63° to 64°,yes_long,2026-05-06T02:56:44+00:00,0.23000000000000004,0.225,-2.1148032149674827,0.25875,0.015958931668504636,10,2026-05-06T03:31:45+00:00,0.267,target,0.2699999999999997,0.010000000000000009,807.0,735.0
San Francisco,polymarket,51308271326477499972933583232498379709655223757701220074555442600000192290354,64-65°F,yes_long,2026-05-06T03:16:45+00:00,0.49000000000000005,0.47,-2.0000000000000275,0.47400000000000003,0.0020000000000000018,10,2026-05-06T05:16:53+00:00,0.43,time_stop,-0.7000000000000005,0.019999999999999962,5329.38,401.09
San Francisco,kalshi,KXHIGHTSFO-26MAY06-B67.5,67° to 68°,yes_long,2026-05-06T03:36:45+00:00,0.139,0.125,-3.448901991415568,0.1895,0.01870160420926505,10,2026-05-06T05:36:53+00:00,0.137,time_stop,-0.12000000000000002,0.010000000000000009,808.0,1416.0
San Francisco,kalshi,KXHIGHTSFO-26MAY06-T63,62° or below,yes_long,2026-05-06T05:26:53+00:00,0.1,0.095,-6.0212043613204385,0.1165,0.0035707142142714283,10,2026-05-06T07:26:53+00:00,0.07200000000000001,time_stop,-0.3799999999999999,0.010000000000000009,758.0,1254.0
San Francisco,kalshi,KXHIGHTSFO-26MAY06-B63.5,63° to 64°,yes_long,2026-05-06T05:41:53+00:00,0.27,0.265,-2.1315125013345635,0.28025,0.007154544010627099,10,2026-05-06T07:41:53+00:00,0.23000000000000004,time_stop,-0.4999999999999999,0.010000000000000009,757.0,685.0
San Francisco,kalshi,KXHIGHTSFO-26MAY06-B67.5,67° to 68°,no_long,2026-05-06T06:02:04+00:00,0.833,0.175,5.5714285714285765,0.1555,0.003499999999999995,10,2026-05-06T08:06:51+00:00,0.8,time_stop,-0.43000000000000005,0.009999999999999981,1412.0,758.0
San Francisco,polymarket,55650228858242358095845233025142684134545460634862797069680683701219848536584,66-67°F,no_long,2026-05-06T07:01:53+00:00,0.88788,0.10500000000000001,3.5919965234379396,0.0935,0.003201562118716427,10,2026-05-06T09:06:52+00:00,0.705,time_stop,-1.9288000000000003,0.009999999999999995,423.7,4820.610000000001
San Francisco,polymarket,33782167206833004074652221089533986632242463601239310248473963073175653759059,62-63°F,yes_long,2026-05-06T07:06:54+00:00,0.32,0.305,-2.3314344010205947,0.32924999999999993,0.01040132203135735,10,2026-05-06T09:11:51+00:00,0.11000000000000001,time_stop,-2.2,0.010000000000000009,4830.64,609.25
San Francisco,polymarket,54448908127691314567526712606064672569599689448685698741734561145828215494822,60-61°F,yes_long,2026-05-06T08:06:51+00:00,0.067,0.0635,-3.0334210088902966,0.06905000000000001,0.0018296174463532002,10,2026-05-06T10:06:52+00:00,0.03,time_stop,-0.4700000000000001,0.007000000000000006,4705.0,1506.67
San Francisco,polymarket,51308271326477499972933583232498379709655223757701220074555442600000192290354,64-65°F,no_long,2026-05-06T08:31:51+00:00,0.48236000000000007,0.5700000000000001,2.3467129480086326,0.46049999999999996,0.04666101156211684,10,2026-05-06T08:36:51+00:00,0.53,target,0.37639999999999996,0.019999999999999907,903.98,4825.33
San Francisco,kalshi,KXHIGHTSFO-26MAY06-T63,62° or below,yes_long,2026-05-06T08:36:51+00:00,0.06,0.05,-3.2293298729878037,0.0865,0.011302654555457314,10,2026-05-06T10:36:52+00:00,0.02,time_stop,-0.5,0.019999999999999997,758.0,1008.0
San Francisco,kalshi,KXHIGHTSFO-26MAY06-B65.5,65° to 66°,no_long,2026-05-06T08:41:51+00:00,0.545,0.47,3.6204529680559903,0.41525,0.01512241713483661,10,2026-05-06T10:46:49+00:00,0.531,time_stop,-0.23999999999999969,0.019999999999999962,718.0,758.0
San Francisco,kalshi,KXHIGHTSFO-26MAY06-B67.5,67° to 68°,no_long,2026-05-06T08:51:51+00:00,0.76,0.245,2.555004192102908,0.18875000000000003,0.022015619455286742,10,2026-05-06T10:56:49+00:00,0.72,time_stop,-0.5000000000000003,0.010000000000000009,1087.0,759.0
San Francisco,kalshi,KXHIGHTSFO-26MAY06-B63.5,63° to 64°,yes_long,2026-05-06T09:46:52+00:00,0.162,0.15000000000000002,-3.691364005933178,0.177,0.007314369419163895,10,2026-05-06T11:51:49+00:00,0.12,time_stop,-0.5200000000000001,0.01999999999999999,757.0,465.0
San Francisco,polymarket,33782167206833004074652221089533986632242463601239310248473963073175653759059,62-63°F,no_long,2026-05-06T11:11:49+00:00,0.85,0.14500000000000002,2.1380312215666253,0.11950000000000001,0.011926860441876564,10,2026-05-06T13:11:51+00:00,0.85,time_stop,-0.1,0.009999999999999981,630.16,4925.33
San Francisco,polymarket,64570782608630375241483748306845855316112798390498409338386530071015111652045,68-69°F,yes_long,2026-05-06T12:01:49+00:00,0.065,0.061,-10.957710918409408,0.0651,0.00037416573867739446,10,2026-05-06T14:01:54+00:00,0.052000000000000005,time_stop,-0.23,0.010000000000000002,2705.0,2361.67
San Francisco,kalshi,KXHIGHTSFO-26MAY06-B69.5,69° to 70°,no_long,2026-05-06T12:36:50+00:00,0.95,0.055,3.811918973034872,0.029500000000000005,0.006689544080129826,10,2026-05-06T14:36:55+00:00,0.86,time_stop,-1.0000000000000004,0.009999999999999995,565.3199999999999,759.0
San Francisco,kalshi,KXHIGHTSFO-26MAY06-B63.5,63° to 64°,yes_long,2026-05-06T12:51:50+00:00,0.13,0.125,-5.21749194749951,0.14250000000000002,0.0033541019662496874,10,2026-05-06T14:51:54+00:00,0.05,time_stop,-0.9,0.010000000000000009,757.0,436.0
San Francisco,kalshi,KXHIGHTSFO-26MAY06-T63,62° or below,no_long,2026-05-06T12:56:50+00:00,0.9399999999999998,0.065,2.1849510977216466,0.0325,0.014874474780643517,10,2026-05-06T13:36:50+00:00,0.97,target,0.2000000000000007,0.010000000000000009,1079.73,758.0
San Francisco,kalshi,KXHIGHTSFO-26MAY06-B65.5,65° to 66°,yes_long,2026-05-06T14:21:55+00:00,0.39,0.385,-3.0297331348694545,0.433,0.01584297951775486,10,2026-05-06T16:21:56+00:00,0.37,time_stop,-0.30000000000000016,0.010000000000000009,822.0,461.0
San Francisco,kalshi,KXHIGHTSFO-26MAY06-T63,62° or below,no_long,2026-05-06T14:31:54+00:00,0.9399999999999998,0.065,2.3152118330519875,0.03375,0.01349768498669309,10,2026-05-06T16:06:56+00:00,0.97,target,0.2000000000000007,0.010000000000000009,567.45,758.0
San Francisco,polymarket,51308271326477499972933583232498379709655223757701220074555442600000192290354,64-65°F,yes_long,2026-05-06T15:21:55+00:00,0.38,0.375,-3.2857351987121217,0.45874999999999994,0.025488968201949635,10,2026-05-06T16:16:55+00:00,0.43,target,0.4,0.010000000000000009,3066.9,853.98
San Francisco,kalshi,KXHIGHTSFO-26MAY06-B67.5,67° to 68°,yes_long,2026-05-06T16:06:56+00:00,0.3873,0.35,-2.458866630096581,0.3925,0.01728438601744361,10,2026-05-06T18:06:57+00:00,0.357,time_stop,-0.4029999999999999,0.019999999999999962,1142.0,2088.0
San Francisco,kalshi,KXHIGHTSFO-26MAY06-B69.5,69° to 70°,yes_long,2026-05-06T16:06:56+00:00,0.1,0.095,-3.142936330963102,0.11750000000000001,0.007158910531638178,10,2026-05-06T17:26:57+00:00,0.14900000000000002,target,0.39000000000000024,0.010000000000000009,760.0,4543.79
San Francisco,kalshi,KXHIGHTSFO-26MAY06-B69.5,69° to 70°,no_long,2026-05-06T17:56:57+00:00,0.82,0.185,2.4806464162490793,0.10800000000000001,0.031040296390337514,10,2026-05-06T18:01:57+00:00,0.85,target,0.2000000000000007,0.010000000000000009,343.79,760.0
San Francisco,kalshi,KXHIGHTSFO-26MAY06-B63.5,63° to 64°,yes_long,2026-05-06T18:11:56+00:00,0.094,0.055,-2.3276405323333753,0.07150000000000001,0.0070887234393789125,10,2026-05-06T19:21:57+00:00,0.026000000000000002,time_stop,-0.78,0.009999999999999995,762.0,323.14
San Francisco,kalshi,KXHIGHTSFO-26MAY06-B65.5,65° to 66°,yes_long,2026-05-06T18:41:59+00:00,0.345,0.295,-3.196902802327795,0.39575,0.03151487743907629,10,2026-05-06T19:56:58+00:00,0.03,time_stop,-3.25,0.010000000000000009,768.04,483.0
San Francisco,polymarket,64570782608630375241483748306845855316112798390498409338386530071015111652045,68-69°F,yes_long,2026-05-06T19:06:58+00:00,0.19878,0.0995,-2.40621279900093,0.1598,0.025060127693210185,10,2026-05-06T19:21:57+00:00,0.2415,target,0.32720000000000005,0.0010000000000000009,2722.94,697.14
San Francisco,kalshi,KXHIGHTSFO-26MAY06-B67.5,67° to 68°,no_long,2026-05-06T19:41:58+00:00,0.48,0.525,4.800901003962697,0.3935,0.027390691849604683,10,2026-05-06T21:41:59+00:00,0.03,time_stop,-4.6,0.010000000000000009,838.3,765.58
San Francisco,kalshi,KXHIGHTSFO-26MAY06-B69.5,69° to 70°,no_long,2026-05-06T19:41:58+00:00,0.746,0.29000000000000004,2.7434900320328803,0.1795,0.04027716474629266,10,2026-05-06T20:26:59+00:00,0.796,target,0.4000000000000009,0.019999999999999962,601.09,766.85
San Francisco,polymarket,64570782608630375241483748306845855316112798390498409338386530071015111652045,68-69°F,no_long,2026-05-06T20:26:59+00:00,0.38849999999999996,0.5954999999999999,2.790723617489215,0.248125,0.12447488451490928,10,2026-05-06T21:02:01+00:00,0.8,target,4.015000000000001,0.01100000000000001,701.63,2218.99
San Francisco,kalshi,KXHIGHTSFO-26MAY06-B69.5,69° to 70°,yes_long,2026-05-06T21:02:01+00:00,0.12,0.11,-3.2719831371735726,0.24450000000000002,0.041106568818134175,10,2026-05-06T22:47:00+00:00,0.02,time_stop,-1.1,0.01999999999999999,766.15,363.39
Seattle,kalshi,KXHIGHTSEA-26MAY06-B71.5,71° to 72°,yes_long,2026-05-06T02:26:53+00:00,0.06,0.055,-2.3804761428476167,0.07200000000000001,0.007141428428542854,10,2026-05-06T04:26:54+00:00,0.05,time_stop,-0.19999999999999998,0.009999999999999995,807.0,889.0
Seattle,kalshi,KXHIGHTSEA-26MAY06-B69.5,69° to 70°,yes_long,2026-05-06T03:21:54+00:00,0.14200000000000002,0.135,-5.282094618634684,0.1715,0.00691013748054262,10,2026-05-06T05:22:02+00:00,0.082,time_stop,-0.7000000000000001,0.010000000000000009,808.0,920.0
Seattle,kalshi,KXHIGHTSEA-26MAY06-T69,68° or below,no_long,2026-05-06T03:21:54+00:00,0.209,0.805,6.700692544471761,0.7655000000000001,0.005894913061275803,10,2026-05-06T05:22:02+00:00,0.11000000000000001,time_stop,-1.0899999999999999,0.010000000000000009,635.0,1372.0
Seattle,polymarket,73649014478149261351071350567883608265736566247368742914094102684209065784060,70-71°F,no_long,2026-05-06T03:26:54+00:00,0.967,0.052000000000000005,2.3108254513786015,0.01875,0.014388797726008939,10,2026-05-06T05:22:02+00:00,0.949054,end_of_window,-0.2794600000000006,0.010000000000000002,1178.45,4680.64
Seattle,polymarket,105182352618317649429979250835373057668324429487695411605476166349952078400328,68-69°F,yes_long,2026-05-06T03:56:53+00:00,0.48992,0.295,-2.2751099412156788,0.32375,0.012636751956100095,10,2026-05-06T05:57:04+00:00,0.27,time_stop,-2.2992000000000004,0.010000000000000009,5461.39,416.12
Seattle,polymarket,108596893737870220856376440624506485374514670658552463548378281691807210804418,66-67°F,yes_long,2026-05-06T04:11:54+00:00,0.16,0.14,-3.5666836486694438,0.33325,0.05418198501347103,10,2026-05-06T04:57:01+00:00,0.21000000000000002,target,0.4,0.01999999999999999,5450.150000000001,401.09
Seattle,polymarket,95589195240443294345125377886676016660933601138905335561706526564066367067133,62-63°F,no_long,2026-05-06T04:21:54+00:00,0.9414999999999999,0.0665,2.103350605494365,0.05675,0.0046354611421087315,10,2026-05-06T06:22:03+00:00,0.86,time_stop,-0.9149999999999995,0.015,533.45,4691.25
Seattle,polymarket,19162272982759966270897503075282471100928553074431350018631583262600813359777,64-65°F,no_long,2026-05-06T05:17:03+00:00,0.80266,0.215,2.5128450942031915,0.1735,0.016515144564913747,10,2026-05-06T06:57:03+00:00,0.8400000000000001,target,0.2734000000000002,0.010000000000000009,1387.36,6950.110000000001
Seattle,polymarket,105182352618317649429979250835373057668324429487695411605476166349952078400328,68-69°F,yes_long,2026-05-06T06:27:03+00:00,0.19,0.185,-3.3722371683672376,0.28925,0.03091419576828742,10,2026-05-06T08:32:00+00:00,0.04,time_stop,-1.6,0.010000000000000009,4951.150000000001,738.09
Seattle,kalshi,KXHIGHTSEA-26MAY06-B69.5,69° to 70°,yes_long,2026-05-06T06:47:03+00:00,0.06,0.055,-6.607814497640892,0.09475,0.006015604707757982,10,2026-05-06T08:52:00+00:00,0.03,time_stop,-0.4,0.009999999999999995,758.0,1066.0
Seattle,kalshi,KXHIGHTSEA-26MAY06-T69,68° or below,no_long,2026-05-06T06:52:03+00:00,0.08499999999999999,0.9299999999999999,3.631198983890302,0.8710000000000001,0.016248076809271934,10,2026-05-06T08:57:01+00:00,0.06,time_stop,-0.35,0.019999999999999907,835.0,1381.0
Seattle,polymarket,19162272982759966270897503075282471100928553074431350018631583262600813359777,64-65°F,yes_long,2026-05-06T07:02:03+00:00,0.16,0.15000000000000002,-2.427691672296173,0.23475000000000001,0.03490970495435331,10,2026-05-06T07:07:04+00:00,0.23500000000000001,target,0.65,0.01999999999999999,4880.07,1396.71
Seattle,polymarket,108596893737870220856376440624506485374514670658552463548378281691807210804418,66-67°F,yes_long,2026-05-06T07:37:03+00:00,0.09,0.07500000000000001,-4.820721079100733,0.26575000000000004,0.039568769250508666,10,2026-05-06T09:32:02+00:00,0.12187,target,0.2187000000000002,0.009999999999999995,5890.06,439.14
Seattle,polymarket,16143545252776658785584160538158660346912736359312226025752082536320068626022,61°F or below,no_long,2026-05-06T07:47:02+00:00,0.7464999999999999,0.2605,2.1595942199946583,0.10147500000000001,0.07363651862357427,10,2026-05-06T09:17:01+00:00,0.8605,target,1.0400000000000005,0.019000000000000017,1778.65,2277.37
Seattle,polymarket,105182352618317649429979250835373057668324429487695411605476166349952078400328,68-69°F,no_long,2026-05-06T09:12:00+00:00,0.95,0.11,29.59462966930244,0.0455,0.002179449471770339,10,2026-05-06T10:41:58+00:00,0.99,target,0.3000000000000004,0.01999999999999999,179.85999999999999,4982.24
Seattle,polymarket,108596893737870220856376440624506485374514670658552463548378281691807210804418,66-67°F,no_long,2026-05-06T09:42:03+00:00,0.825,0.185,2.4883503924300974,0.122,0.025317977802344325,10,2026-05-06T10:41:58+00:00,0.89,target,0.5500000000000004,0.010000000000000009,419.14,6322.92
Seattle,kalshi,KXHIGHTSEA-26MAY06-T69,68° or below,no_long,2026-05-06T11:46:57+00:00,0.07,0.935,2.8303690591493003,0.9282499999999999,0.0023848480035423133,10,,,no_liquidity,-0.8,0.009999999999999898,585.0,1357.0
Seattle,kalshi,KXHIGHTSEA-26MAY06-B69.5,69° to 70°,no_long,2026-05-06T12:11:56+00:00,0.96,0.05,2.0302589045518817,0.0435,0.003201562118716423,10,2026-05-06T14:12:01+00:00,0.9800000000000001,time_stop,0.10000000000000106,0.019999999999999997,915.0,759.0
Seattle,polymarket,16143545252776658785584160538158660346912736359312226025752082536320068626022,61°F or below,no_long,2026-05-06T12:46:57+00:00,0.699,0.3015,3.0808833370401443,0.280275,0.006889257942623431,10,2026-05-06T14:47:03+00:00,0.615,time_stop,-0.939999999999999,0.0010000000000000009,1444.7199999999998,443.0
Seattle,polymarket,108596893737870220856376440624506485374514670658552463548378281691807210804418,66-67°F,no_long,2026-05-06T13:56:58+00:00,0.9469999999999998,0.095,3.062231471765327,0.064975,0.009804941356275418,10,2026-05-06T15:57:03+00:00,0.8937000000000002,time_stop,-0.6329999999999977,0.010000000000000009,648.29,2700.0
Seattle,polymarket,95589195240443294345125377886676016660933601138905335561706526564066367067133,62-63°F,no_long,2026-05-06T15:37:03+00:00,0.649,0.3695,3.8574140631546574,0.261225,0.02806932266728216,10,2026-05-06T16:32:04+00:00,0.737,target,0.7799999999999999,0.019000000000000017,655.73,2710.0
Seattle,polymarket,19162272982759966270897503075282471100928553074431350018631583262600813359777,64-65°F,yes_long,2026-05-06T17:37:05+00:00,0.17,0.135,-2.1800363412388846,0.19475,0.027407799984675896,10,2026-05-06T19:37:06+00:00,0.04990000000000001,time_stop,-1.3010000000000002,0.010000000000000009,2867.0,727.19
Seattle,polymarket,16143545252776658785584160538158660346912736359312226025752082536320068626022,61°F or below,no_long,2026-05-06T21:42:08+00:00,0.041,0.9205000000000001,2.578263941705121,0.775825,0.05611333954595823,10,2026-05-06T23:42:08+00:00,0.02,time_stop,-0.31000000000000005,0.0010000000000000009,713.05,706.72
